<application>
  <component name="FileTypeManager" version="18">
    <extensionMap>
      <mapping pattern="env2yaml" type="AUTO_DETECTED" />
      <mapping pattern="hosts" type="AUTO_DETECTED" />
      <mapping pattern="tini" type="AUTO_DETECTED" />
      <mapping pattern="htpasswd" type="AUTO_DETECTED" />
      <mapping pattern="CloudScheduledBoot.java" type="AUTO_DETECTED" />
      <mapping pattern="extra" type="AUTO_DETECTED" />
      <mapping pattern="docker-entrypoint" type="AUTO_DETECTED" />
      <mapping pattern="gg" type="AUTO_DETECTED" />
      <mapping pattern="config" type="AUTO_DETECTED" />
      <mapping pattern="first" type="AUTO_DETECTED" />
      <mapping ext="vue" type="HTML" />
      <mapping ext="gradle.kts" type="Kotlin" />
      <mapping ext="space.kts" type="Kotlin" />
      <mapping ext="main.kts" type="Kotlin" />
      <mapping pattern="df" type="PLAIN_TEXT" />
      <mapping pattern=".gitattributes" type="PLAIN_TEXT" />
      <mapping pattern=".attach_pid41168" type="PLAIN_TEXT" />
      <mapping pattern="PersonDao.xml" type="PLAIN_TEXT" />
      <mapping pattern="sdf" type="PLAIN_TEXT" />
      <mapping pattern=".attach_pid50856" type="PLAIN_TEXT" />
      <mapping pattern="database_lock" type="PLAIN_TEXT" />
      <mapping pattern="git" type="PLAIN_TEXT" />
      <mapping pattern="validate" type="PLAIN_TEXT" />
      <mapping pattern="mvn" type="PLAIN_TEXT" />
      <mapping ext="bak" type="PLAIN_TEXT" />
      <mapping ext="key" type="PLAIN_TEXT" />
      <mapping ext="sample" type="PLAIN_TEXT" />
      <mapping ext="db" type="PLAIN_TEXT" />
      <mapping ext="env" type="PLAIN_TEXT" />
      <mapping ext="conf" type="PLAIN_TEXT" />
      <mapping ext="ym" type="PLAIN_TEXT" />
      <mapping ext="options" type="PLAIN_TEXT" />
      <mapping ext="lock" type="PLAIN_TEXT" />
      <mapping ext="pem" type="PLAIN_TEXT" />
      <mapping ext="template" type="PLAIN_TEXT" />
      <mapping ext="cnf" type="PLAIN_TEXT" />
      <mapping ext="imports" type="PLAIN_TEXT" />
      <mapping ext="lst" type="PLAIN_TEXT" />
      <mapping ext="original" type="PLAIN_TEXT" />
      <mapping pattern="application-product" type="Properties" />
      <mapping ext="dump" type="SQL" />
      <mapping pattern="PersonDao" type="XML" />
      <removed_mapping ext="apk" approved="true" type="ARCHIVE" />
      <removed_mapping ext="cql" approved="true" type="SQL" />
      <removed_mapping ext="env" approved="true" type="Env File" />
      <removed_mapping ext="psd" approved="true" type="Image" />
      <removed_mapping ext="vue" approved="true" type="Vue.js" />
      <mapping pattern=".env.*" type="Env File" />
    </extensionMap>
  </component>
</application>