<keymap version="1" name="KDE copy" parent="Default for KDE">
  <action id="Back">
    <keyboard-shortcut first-keystroke="ctrl alt left" />
    <mouse-shortcut keystroke="button4" />
    <keyboard-shortcut first-keystroke="ctrl alt comma" />
  </action>
  <action id="Forward">
    <keyboard-shortcut first-keystroke="ctrl alt right" />
    <mouse-shortcut keystroke="button5" />
    <keyboard-shortcut first-keystroke="ctrl alt period" />
  </action>
  <action id="GotoCustomRegion" />
  <action id="IntroduceVariable">
    <keyboard-shortcut first-keystroke="shift alt v" />
    <keyboard-shortcut first-keystroke="ctrl alt v" />
  </action>
</keymap>