<application>
  <component name="ProjectJdkTable">
    <jdk version="2">
      <name value="17" />
      <type value="JavaSDK" />
      <version value="version 17.0.8" />
      <homePath value="/usr/lib/jvm/java-17-openjdk" />
      <roots>
        <annotationsPath>
          <root type="composite">
            <root url="jar://$APPLICATION_HOME_DIR$/plugins/java/lib/resources/jdkAnnotations.jar!/" type="simple" />
          </root>
        </annotationsPath>
        <classPath>
          <root type="composite">
            <root url="jrt:///usr/lib/jvm/java-17-openjdk!/java.base" type="simple" />
            <root url="jrt:///usr/lib/jvm/java-17-openjdk!/java.compiler" type="simple" />
            <root url="jrt:///usr/lib/jvm/java-17-openjdk!/java.datatransfer" type="simple" />
            <root url="jrt:///usr/lib/jvm/java-17-openjdk!/java.desktop" type="simple" />
            <root url="jrt:///usr/lib/jvm/java-17-openjdk!/java.instrument" type="simple" />
            <root url="jrt:///usr/lib/jvm/java-17-openjdk!/java.logging" type="simple" />
            <root url="jrt:///usr/lib/jvm/java-17-openjdk!/java.management" type="simple" />
            <root url="jrt:///usr/lib/jvm/java-17-openjdk!/java.management.rmi" type="simple" />
            <root url="jrt:///usr/lib/jvm/java-17-openjdk!/java.naming" type="simple" />
            <root url="jrt:///usr/lib/jvm/java-17-openjdk!/java.net.http" type="simple" />
            <root url="jrt:///usr/lib/jvm/java-17-openjdk!/java.prefs" type="simple" />
            <root url="jrt:///usr/lib/jvm/java-17-openjdk!/java.rmi" type="simple" />
            <root url="jrt:///usr/lib/jvm/java-17-openjdk!/java.scripting" type="simple" />
            <root url="jrt:///usr/lib/jvm/java-17-openjdk!/java.se" type="simple" />
            <root url="jrt:///usr/lib/jvm/java-17-openjdk!/java.security.jgss" type="simple" />
            <root url="jrt:///usr/lib/jvm/java-17-openjdk!/java.security.sasl" type="simple" />
            <root url="jrt:///usr/lib/jvm/java-17-openjdk!/java.smartcardio" type="simple" />
            <root url="jrt:///usr/lib/jvm/java-17-openjdk!/java.sql" type="simple" />
            <root url="jrt:///usr/lib/jvm/java-17-openjdk!/java.sql.rowset" type="simple" />
            <root url="jrt:///usr/lib/jvm/java-17-openjdk!/java.transaction.xa" type="simple" />
            <root url="jrt:///usr/lib/jvm/java-17-openjdk!/java.xml" type="simple" />
            <root url="jrt:///usr/lib/jvm/java-17-openjdk!/java.xml.crypto" type="simple" />
            <root url="jrt:///usr/lib/jvm/java-17-openjdk!/jdk.accessibility" type="simple" />
            <root url="jrt:///usr/lib/jvm/java-17-openjdk!/jdk.attach" type="simple" />
            <root url="jrt:///usr/lib/jvm/java-17-openjdk!/jdk.charsets" type="simple" />
            <root url="jrt:///usr/lib/jvm/java-17-openjdk!/jdk.compiler" type="simple" />
            <root url="jrt:///usr/lib/jvm/java-17-openjdk!/jdk.crypto.cryptoki" type="simple" />
            <root url="jrt:///usr/lib/jvm/java-17-openjdk!/jdk.crypto.ec" type="simple" />
            <root url="jrt:///usr/lib/jvm/java-17-openjdk!/jdk.dynalink" type="simple" />
            <root url="jrt:///usr/lib/jvm/java-17-openjdk!/jdk.editpad" type="simple" />
            <root url="jrt:///usr/lib/jvm/java-17-openjdk!/jdk.hotspot.agent" type="simple" />
            <root url="jrt:///usr/lib/jvm/java-17-openjdk!/jdk.httpserver" type="simple" />
            <root url="jrt:///usr/lib/jvm/java-17-openjdk!/jdk.incubator.foreign" type="simple" />
            <root url="jrt:///usr/lib/jvm/java-17-openjdk!/jdk.incubator.vector" type="simple" />
            <root url="jrt:///usr/lib/jvm/java-17-openjdk!/jdk.internal.ed" type="simple" />
            <root url="jrt:///usr/lib/jvm/java-17-openjdk!/jdk.internal.jvmstat" type="simple" />
            <root url="jrt:///usr/lib/jvm/java-17-openjdk!/jdk.internal.le" type="simple" />
            <root url="jrt:///usr/lib/jvm/java-17-openjdk!/jdk.internal.opt" type="simple" />
            <root url="jrt:///usr/lib/jvm/java-17-openjdk!/jdk.internal.vm.ci" type="simple" />
            <root url="jrt:///usr/lib/jvm/java-17-openjdk!/jdk.internal.vm.compiler" type="simple" />
            <root url="jrt:///usr/lib/jvm/java-17-openjdk!/jdk.internal.vm.compiler.management" type="simple" />
            <root url="jrt:///usr/lib/jvm/java-17-openjdk!/jdk.jartool" type="simple" />
            <root url="jrt:///usr/lib/jvm/java-17-openjdk!/jdk.javadoc" type="simple" />
            <root url="jrt:///usr/lib/jvm/java-17-openjdk!/jdk.jcmd" type="simple" />
            <root url="jrt:///usr/lib/jvm/java-17-openjdk!/jdk.jconsole" type="simple" />
            <root url="jrt:///usr/lib/jvm/java-17-openjdk!/jdk.jdeps" type="simple" />
            <root url="jrt:///usr/lib/jvm/java-17-openjdk!/jdk.jdi" type="simple" />
            <root url="jrt:///usr/lib/jvm/java-17-openjdk!/jdk.jdwp.agent" type="simple" />
            <root url="jrt:///usr/lib/jvm/java-17-openjdk!/jdk.jfr" type="simple" />
            <root url="jrt:///usr/lib/jvm/java-17-openjdk!/jdk.jlink" type="simple" />
            <root url="jrt:///usr/lib/jvm/java-17-openjdk!/jdk.jpackage" type="simple" />
            <root url="jrt:///usr/lib/jvm/java-17-openjdk!/jdk.jshell" type="simple" />
            <root url="jrt:///usr/lib/jvm/java-17-openjdk!/jdk.jsobject" type="simple" />
            <root url="jrt:///usr/lib/jvm/java-17-openjdk!/jdk.jstatd" type="simple" />
            <root url="jrt:///usr/lib/jvm/java-17-openjdk!/jdk.localedata" type="simple" />
            <root url="jrt:///usr/lib/jvm/java-17-openjdk!/jdk.management" type="simple" />
            <root url="jrt:///usr/lib/jvm/java-17-openjdk!/jdk.management.agent" type="simple" />
            <root url="jrt:///usr/lib/jvm/java-17-openjdk!/jdk.management.jfr" type="simple" />
            <root url="jrt:///usr/lib/jvm/java-17-openjdk!/jdk.naming.dns" type="simple" />
            <root url="jrt:///usr/lib/jvm/java-17-openjdk!/jdk.naming.rmi" type="simple" />
            <root url="jrt:///usr/lib/jvm/java-17-openjdk!/jdk.net" type="simple" />
            <root url="jrt:///usr/lib/jvm/java-17-openjdk!/jdk.nio.mapmode" type="simple" />
            <root url="jrt:///usr/lib/jvm/java-17-openjdk!/jdk.random" type="simple" />
            <root url="jrt:///usr/lib/jvm/java-17-openjdk!/jdk.sctp" type="simple" />
            <root url="jrt:///usr/lib/jvm/java-17-openjdk!/jdk.security.auth" type="simple" />
            <root url="jrt:///usr/lib/jvm/java-17-openjdk!/jdk.security.jgss" type="simple" />
            <root url="jrt:///usr/lib/jvm/java-17-openjdk!/jdk.unsupported" type="simple" />
            <root url="jrt:///usr/lib/jvm/java-17-openjdk!/jdk.unsupported.desktop" type="simple" />
            <root url="jrt:///usr/lib/jvm/java-17-openjdk!/jdk.xml.dom" type="simple" />
            <root url="jrt:///usr/lib/jvm/java-17-openjdk!/jdk.zipfs" type="simple" />
          </root>
        </classPath>
        <javadocPath>
          <root type="composite">
            <root url="https://docs.oracle.com/en/java/javase/17/docs/api/" type="simple" />
          </root>
        </javadocPath>
        <sourcePath>
          <root type="composite">
            <root url="jar:///usr/lib/jvm/java-17-openjdk/lib/src.zip!/java.base" type="simple" />
            <root url="jar:///usr/lib/jvm/java-17-openjdk/lib/src.zip!/java.compiler" type="simple" />
            <root url="jar:///usr/lib/jvm/java-17-openjdk/lib/src.zip!/java.datatransfer" type="simple" />
            <root url="jar:///usr/lib/jvm/java-17-openjdk/lib/src.zip!/java.desktop" type="simple" />
            <root url="jar:///usr/lib/jvm/java-17-openjdk/lib/src.zip!/java.instrument" type="simple" />
            <root url="jar:///usr/lib/jvm/java-17-openjdk/lib/src.zip!/java.logging" type="simple" />
            <root url="jar:///usr/lib/jvm/java-17-openjdk/lib/src.zip!/java.management" type="simple" />
            <root url="jar:///usr/lib/jvm/java-17-openjdk/lib/src.zip!/java.management.rmi" type="simple" />
            <root url="jar:///usr/lib/jvm/java-17-openjdk/lib/src.zip!/java.naming" type="simple" />
            <root url="jar:///usr/lib/jvm/java-17-openjdk/lib/src.zip!/java.net.http" type="simple" />
            <root url="jar:///usr/lib/jvm/java-17-openjdk/lib/src.zip!/java.prefs" type="simple" />
            <root url="jar:///usr/lib/jvm/java-17-openjdk/lib/src.zip!/java.rmi" type="simple" />
            <root url="jar:///usr/lib/jvm/java-17-openjdk/lib/src.zip!/java.scripting" type="simple" />
            <root url="jar:///usr/lib/jvm/java-17-openjdk/lib/src.zip!/java.security.jgss" type="simple" />
            <root url="jar:///usr/lib/jvm/java-17-openjdk/lib/src.zip!/java.security.sasl" type="simple" />
            <root url="jar:///usr/lib/jvm/java-17-openjdk/lib/src.zip!/java.smartcardio" type="simple" />
            <root url="jar:///usr/lib/jvm/java-17-openjdk/lib/src.zip!/java.sql" type="simple" />
            <root url="jar:///usr/lib/jvm/java-17-openjdk/lib/src.zip!/java.sql.rowset" type="simple" />
            <root url="jar:///usr/lib/jvm/java-17-openjdk/lib/src.zip!/java.transaction.xa" type="simple" />
            <root url="jar:///usr/lib/jvm/java-17-openjdk/lib/src.zip!/java.xml" type="simple" />
            <root url="jar:///usr/lib/jvm/java-17-openjdk/lib/src.zip!/java.xml.crypto" type="simple" />
            <root url="jar:///usr/lib/jvm/java-17-openjdk/lib/src.zip!/jdk.accessibility" type="simple" />
            <root url="jar:///usr/lib/jvm/java-17-openjdk/lib/src.zip!/jdk.attach" type="simple" />
            <root url="jar:///usr/lib/jvm/java-17-openjdk/lib/src.zip!/jdk.charsets" type="simple" />
            <root url="jar:///usr/lib/jvm/java-17-openjdk/lib/src.zip!/jdk.compiler" type="simple" />
            <root url="jar:///usr/lib/jvm/java-17-openjdk/lib/src.zip!/jdk.crypto.cryptoki" type="simple" />
            <root url="jar:///usr/lib/jvm/java-17-openjdk/lib/src.zip!/jdk.crypto.ec" type="simple" />
            <root url="jar:///usr/lib/jvm/java-17-openjdk/lib/src.zip!/jdk.dynalink" type="simple" />
            <root url="jar:///usr/lib/jvm/java-17-openjdk/lib/src.zip!/jdk.editpad" type="simple" />
            <root url="jar:///usr/lib/jvm/java-17-openjdk/lib/src.zip!/jdk.hotspot.agent" type="simple" />
            <root url="jar:///usr/lib/jvm/java-17-openjdk/lib/src.zip!/jdk.httpserver" type="simple" />
            <root url="jar:///usr/lib/jvm/java-17-openjdk/lib/src.zip!/jdk.incubator.foreign" type="simple" />
            <root url="jar:///usr/lib/jvm/java-17-openjdk/lib/src.zip!/jdk.incubator.vector" type="simple" />
            <root url="jar:///usr/lib/jvm/java-17-openjdk/lib/src.zip!/jdk.internal.ed" type="simple" />
            <root url="jar:///usr/lib/jvm/java-17-openjdk/lib/src.zip!/jdk.internal.jvmstat" type="simple" />
            <root url="jar:///usr/lib/jvm/java-17-openjdk/lib/src.zip!/jdk.internal.le" type="simple" />
            <root url="jar:///usr/lib/jvm/java-17-openjdk/lib/src.zip!/jdk.internal.opt" type="simple" />
            <root url="jar:///usr/lib/jvm/java-17-openjdk/lib/src.zip!/jdk.internal.vm.ci" type="simple" />
            <root url="jar:///usr/lib/jvm/java-17-openjdk/lib/src.zip!/jdk.jartool" type="simple" />
            <root url="jar:///usr/lib/jvm/java-17-openjdk/lib/src.zip!/jdk.javadoc" type="simple" />
            <root url="jar:///usr/lib/jvm/java-17-openjdk/lib/src.zip!/jdk.jcmd" type="simple" />
            <root url="jar:///usr/lib/jvm/java-17-openjdk/lib/src.zip!/jdk.jconsole" type="simple" />
            <root url="jar:///usr/lib/jvm/java-17-openjdk/lib/src.zip!/jdk.jdeps" type="simple" />
            <root url="jar:///usr/lib/jvm/java-17-openjdk/lib/src.zip!/jdk.jdi" type="simple" />
            <root url="jar:///usr/lib/jvm/java-17-openjdk/lib/src.zip!/jdk.jfr" type="simple" />
            <root url="jar:///usr/lib/jvm/java-17-openjdk/lib/src.zip!/jdk.jlink" type="simple" />
            <root url="jar:///usr/lib/jvm/java-17-openjdk/lib/src.zip!/jdk.jpackage" type="simple" />
            <root url="jar:///usr/lib/jvm/java-17-openjdk/lib/src.zip!/jdk.jshell" type="simple" />
            <root url="jar:///usr/lib/jvm/java-17-openjdk/lib/src.zip!/jdk.jsobject" type="simple" />
            <root url="jar:///usr/lib/jvm/java-17-openjdk/lib/src.zip!/jdk.jstatd" type="simple" />
            <root url="jar:///usr/lib/jvm/java-17-openjdk/lib/src.zip!/jdk.localedata" type="simple" />
            <root url="jar:///usr/lib/jvm/java-17-openjdk/lib/src.zip!/jdk.management" type="simple" />
            <root url="jar:///usr/lib/jvm/java-17-openjdk/lib/src.zip!/jdk.management.agent" type="simple" />
            <root url="jar:///usr/lib/jvm/java-17-openjdk/lib/src.zip!/jdk.management.jfr" type="simple" />
            <root url="jar:///usr/lib/jvm/java-17-openjdk/lib/src.zip!/jdk.naming.dns" type="simple" />
            <root url="jar:///usr/lib/jvm/java-17-openjdk/lib/src.zip!/jdk.naming.rmi" type="simple" />
            <root url="jar:///usr/lib/jvm/java-17-openjdk/lib/src.zip!/jdk.net" type="simple" />
            <root url="jar:///usr/lib/jvm/java-17-openjdk/lib/src.zip!/jdk.nio.mapmode" type="simple" />
            <root url="jar:///usr/lib/jvm/java-17-openjdk/lib/src.zip!/jdk.random" type="simple" />
            <root url="jar:///usr/lib/jvm/java-17-openjdk/lib/src.zip!/jdk.sctp" type="simple" />
            <root url="jar:///usr/lib/jvm/java-17-openjdk/lib/src.zip!/jdk.security.auth" type="simple" />
            <root url="jar:///usr/lib/jvm/java-17-openjdk/lib/src.zip!/jdk.security.jgss" type="simple" />
            <root url="jar:///usr/lib/jvm/java-17-openjdk/lib/src.zip!/jdk.unsupported" type="simple" />
            <root url="jar:///usr/lib/jvm/java-17-openjdk/lib/src.zip!/jdk.unsupported.desktop" type="simple" />
            <root url="jar:///usr/lib/jvm/java-17-openjdk/lib/src.zip!/jdk.xml.dom" type="simple" />
            <root url="jar:///usr/lib/jvm/java-17-openjdk/lib/src.zip!/jdk.zipfs" type="simple" />
          </root>
        </sourcePath>
      </roots>
      <additional />
    </jdk>
  </component>
</application>