<application>
  <component name="ProjectJdkTable">
    <jdk version="2">
      <name value="11" />
      <type value="JavaSDK" />
      <version value="java version &quot;11.0.8&quot;" />
      <homePath value="/usr/lib/jvm/java-11-openjdk" />
      <roots>
        <annotationsPath>
          <root type="composite">
            <root url="jar://$APPLICATION_HOME_DIR$/plugins/java/lib/jdkAnnotations.jar!/" type="simple" />
          </root>
        </annotationsPath>
        <classPath>
          <root type="composite">
            <root url="jrt:///usr/lib/jvm/java-11-openjdk!/java.base" type="simple" />
            <root url="jrt:///usr/lib/jvm/java-11-openjdk!/java.compiler" type="simple" />
            <root url="jrt:///usr/lib/jvm/java-11-openjdk!/java.datatransfer" type="simple" />
            <root url="jrt:///usr/lib/jvm/java-11-openjdk!/java.desktop" type="simple" />
            <root url="jrt:///usr/lib/jvm/java-11-openjdk!/java.instrument" type="simple" />
            <root url="jrt:///usr/lib/jvm/java-11-openjdk!/java.logging" type="simple" />
            <root url="jrt:///usr/lib/jvm/java-11-openjdk!/java.management" type="simple" />
            <root url="jrt:///usr/lib/jvm/java-11-openjdk!/java.management.rmi" type="simple" />
            <root url="jrt:///usr/lib/jvm/java-11-openjdk!/java.naming" type="simple" />
            <root url="jrt:///usr/lib/jvm/java-11-openjdk!/java.net.http" type="simple" />
            <root url="jrt:///usr/lib/jvm/java-11-openjdk!/java.prefs" type="simple" />
            <root url="jrt:///usr/lib/jvm/java-11-openjdk!/java.rmi" type="simple" />
            <root url="jrt:///usr/lib/jvm/java-11-openjdk!/java.scripting" type="simple" />
            <root url="jrt:///usr/lib/jvm/java-11-openjdk!/java.se" type="simple" />
            <root url="jrt:///usr/lib/jvm/java-11-openjdk!/java.security.jgss" type="simple" />
            <root url="jrt:///usr/lib/jvm/java-11-openjdk!/java.security.sasl" type="simple" />
            <root url="jrt:///usr/lib/jvm/java-11-openjdk!/java.smartcardio" type="simple" />
            <root url="jrt:///usr/lib/jvm/java-11-openjdk!/java.sql" type="simple" />
            <root url="jrt:///usr/lib/jvm/java-11-openjdk!/java.sql.rowset" type="simple" />
            <root url="jrt:///usr/lib/jvm/java-11-openjdk!/java.transaction.xa" type="simple" />
            <root url="jrt:///usr/lib/jvm/java-11-openjdk!/java.xml" type="simple" />
            <root url="jrt:///usr/lib/jvm/java-11-openjdk!/java.xml.crypto" type="simple" />
            <root url="jrt:///usr/lib/jvm/java-11-openjdk!/jdk.accessibility" type="simple" />
            <root url="jrt:///usr/lib/jvm/java-11-openjdk!/jdk.aot" type="simple" />
            <root url="jrt:///usr/lib/jvm/java-11-openjdk!/jdk.attach" type="simple" />
            <root url="jrt:///usr/lib/jvm/java-11-openjdk!/jdk.charsets" type="simple" />
            <root url="jrt:///usr/lib/jvm/java-11-openjdk!/jdk.compiler" type="simple" />
            <root url="jrt:///usr/lib/jvm/java-11-openjdk!/jdk.crypto.cryptoki" type="simple" />
            <root url="jrt:///usr/lib/jvm/java-11-openjdk!/jdk.crypto.ec" type="simple" />
            <root url="jrt:///usr/lib/jvm/java-11-openjdk!/jdk.dynalink" type="simple" />
            <root url="jrt:///usr/lib/jvm/java-11-openjdk!/jdk.editpad" type="simple" />
            <root url="jrt:///usr/lib/jvm/java-11-openjdk!/jdk.hotspot.agent" type="simple" />
            <root url="jrt:///usr/lib/jvm/java-11-openjdk!/jdk.httpserver" type="simple" />
            <root url="jrt:///usr/lib/jvm/java-11-openjdk!/jdk.internal.ed" type="simple" />
            <root url="jrt:///usr/lib/jvm/java-11-openjdk!/jdk.internal.jvmstat" type="simple" />
            <root url="jrt:///usr/lib/jvm/java-11-openjdk!/jdk.internal.le" type="simple" />
            <root url="jrt:///usr/lib/jvm/java-11-openjdk!/jdk.internal.opt" type="simple" />
            <root url="jrt:///usr/lib/jvm/java-11-openjdk!/jdk.internal.vm.ci" type="simple" />
            <root url="jrt:///usr/lib/jvm/java-11-openjdk!/jdk.internal.vm.compiler" type="simple" />
            <root url="jrt:///usr/lib/jvm/java-11-openjdk!/jdk.internal.vm.compiler.management" type="simple" />
            <root url="jrt:///usr/lib/jvm/java-11-openjdk!/jdk.jartool" type="simple" />
            <root url="jrt:///usr/lib/jvm/java-11-openjdk!/jdk.javadoc" type="simple" />
            <root url="jrt:///usr/lib/jvm/java-11-openjdk!/jdk.jcmd" type="simple" />
            <root url="jrt:///usr/lib/jvm/java-11-openjdk!/jdk.jconsole" type="simple" />
            <root url="jrt:///usr/lib/jvm/java-11-openjdk!/jdk.jdeps" type="simple" />
            <root url="jrt:///usr/lib/jvm/java-11-openjdk!/jdk.jdi" type="simple" />
            <root url="jrt:///usr/lib/jvm/java-11-openjdk!/jdk.jdwp.agent" type="simple" />
            <root url="jrt:///usr/lib/jvm/java-11-openjdk!/jdk.jfr" type="simple" />
            <root url="jrt:///usr/lib/jvm/java-11-openjdk!/jdk.jlink" type="simple" />
            <root url="jrt:///usr/lib/jvm/java-11-openjdk!/jdk.jshell" type="simple" />
            <root url="jrt:///usr/lib/jvm/java-11-openjdk!/jdk.jsobject" type="simple" />
            <root url="jrt:///usr/lib/jvm/java-11-openjdk!/jdk.jstatd" type="simple" />
            <root url="jrt:///usr/lib/jvm/java-11-openjdk!/jdk.localedata" type="simple" />
            <root url="jrt:///usr/lib/jvm/java-11-openjdk!/jdk.management" type="simple" />
            <root url="jrt:///usr/lib/jvm/java-11-openjdk!/jdk.management.agent" type="simple" />
            <root url="jrt:///usr/lib/jvm/java-11-openjdk!/jdk.management.jfr" type="simple" />
            <root url="jrt:///usr/lib/jvm/java-11-openjdk!/jdk.naming.dns" type="simple" />
            <root url="jrt:///usr/lib/jvm/java-11-openjdk!/jdk.naming.rmi" type="simple" />
            <root url="jrt:///usr/lib/jvm/java-11-openjdk!/jdk.net" type="simple" />
            <root url="jrt:///usr/lib/jvm/java-11-openjdk!/jdk.pack" type="simple" />
            <root url="jrt:///usr/lib/jvm/java-11-openjdk!/jdk.rmic" type="simple" />
            <root url="jrt:///usr/lib/jvm/java-11-openjdk!/jdk.scripting.nashorn" type="simple" />
            <root url="jrt:///usr/lib/jvm/java-11-openjdk!/jdk.scripting.nashorn.shell" type="simple" />
            <root url="jrt:///usr/lib/jvm/java-11-openjdk!/jdk.sctp" type="simple" />
            <root url="jrt:///usr/lib/jvm/java-11-openjdk!/jdk.security.auth" type="simple" />
            <root url="jrt:///usr/lib/jvm/java-11-openjdk!/jdk.security.jgss" type="simple" />
            <root url="jrt:///usr/lib/jvm/java-11-openjdk!/jdk.unsupported" type="simple" />
            <root url="jrt:///usr/lib/jvm/java-11-openjdk!/jdk.unsupported.desktop" type="simple" />
            <root url="jrt:///usr/lib/jvm/java-11-openjdk!/jdk.xml.dom" type="simple" />
            <root url="jrt:///usr/lib/jvm/java-11-openjdk!/jdk.zipfs" type="simple" />
          </root>
        </classPath>
        <javadocPath>
          <root type="composite">
            <root url="https://docs.oracle.com/en/java/javase/11/docs/api/" type="simple" />
          </root>
        </javadocPath>
        <sourcePath>
          <root type="composite" />
        </sourcePath>
      </roots>
      <additional />
    </jdk>
    <jdk version="2">
      <name value="17" />
      <type value="JavaSDK" />
      <version value="java version &quot;17.0.1&quot;" />
      <homePath value="/usr/lib/jvm/java-17-openjdk" />
      <roots>
        <annotationsPath>
          <root type="composite">
            <root url="jar://$APPLICATION_HOME_DIR$/plugins/java/lib/jdkAnnotations.jar!/" type="simple" />
          </root>
        </annotationsPath>
        <classPath>
          <root type="composite">
            <root url="jrt:///usr/lib/jvm/java-17-openjdk!/java.base" type="simple" />
            <root url="jrt:///usr/lib/jvm/java-17-openjdk!/java.compiler" type="simple" />
            <root url="jrt:///usr/lib/jvm/java-17-openjdk!/java.datatransfer" type="simple" />
            <root url="jrt:///usr/lib/jvm/java-17-openjdk!/java.desktop" type="simple" />
            <root url="jrt:///usr/lib/jvm/java-17-openjdk!/java.instrument" type="simple" />
            <root url="jrt:///usr/lib/jvm/java-17-openjdk!/java.logging" type="simple" />
            <root url="jrt:///usr/lib/jvm/java-17-openjdk!/java.management" type="simple" />
            <root url="jrt:///usr/lib/jvm/java-17-openjdk!/java.management.rmi" type="simple" />
            <root url="jrt:///usr/lib/jvm/java-17-openjdk!/java.naming" type="simple" />
            <root url="jrt:///usr/lib/jvm/java-17-openjdk!/java.net.http" type="simple" />
            <root url="jrt:///usr/lib/jvm/java-17-openjdk!/java.prefs" type="simple" />
            <root url="jrt:///usr/lib/jvm/java-17-openjdk!/java.rmi" type="simple" />
            <root url="jrt:///usr/lib/jvm/java-17-openjdk!/java.scripting" type="simple" />
            <root url="jrt:///usr/lib/jvm/java-17-openjdk!/java.se" type="simple" />
            <root url="jrt:///usr/lib/jvm/java-17-openjdk!/java.security.jgss" type="simple" />
            <root url="jrt:///usr/lib/jvm/java-17-openjdk!/java.security.sasl" type="simple" />
            <root url="jrt:///usr/lib/jvm/java-17-openjdk!/java.smartcardio" type="simple" />
            <root url="jrt:///usr/lib/jvm/java-17-openjdk!/java.sql" type="simple" />
            <root url="jrt:///usr/lib/jvm/java-17-openjdk!/java.sql.rowset" type="simple" />
            <root url="jrt:///usr/lib/jvm/java-17-openjdk!/java.transaction.xa" type="simple" />
            <root url="jrt:///usr/lib/jvm/java-17-openjdk!/java.xml" type="simple" />
            <root url="jrt:///usr/lib/jvm/java-17-openjdk!/java.xml.crypto" type="simple" />
            <root url="jrt:///usr/lib/jvm/java-17-openjdk!/jdk.accessibility" type="simple" />
            <root url="jrt:///usr/lib/jvm/java-17-openjdk!/jdk.attach" type="simple" />
            <root url="jrt:///usr/lib/jvm/java-17-openjdk!/jdk.charsets" type="simple" />
            <root url="jrt:///usr/lib/jvm/java-17-openjdk!/jdk.compiler" type="simple" />
            <root url="jrt:///usr/lib/jvm/java-17-openjdk!/jdk.crypto.cryptoki" type="simple" />
            <root url="jrt:///usr/lib/jvm/java-17-openjdk!/jdk.crypto.ec" type="simple" />
            <root url="jrt:///usr/lib/jvm/java-17-openjdk!/jdk.dynalink" type="simple" />
            <root url="jrt:///usr/lib/jvm/java-17-openjdk!/jdk.editpad" type="simple" />
            <root url="jrt:///usr/lib/jvm/java-17-openjdk!/jdk.hotspot.agent" type="simple" />
            <root url="jrt:///usr/lib/jvm/java-17-openjdk!/jdk.httpserver" type="simple" />
            <root url="jrt:///usr/lib/jvm/java-17-openjdk!/jdk.incubator.foreign" type="simple" />
            <root url="jrt:///usr/lib/jvm/java-17-openjdk!/jdk.incubator.vector" type="simple" />
            <root url="jrt:///usr/lib/jvm/java-17-openjdk!/jdk.internal.ed" type="simple" />
            <root url="jrt:///usr/lib/jvm/java-17-openjdk!/jdk.internal.jvmstat" type="simple" />
            <root url="jrt:///usr/lib/jvm/java-17-openjdk!/jdk.internal.le" type="simple" />
            <root url="jrt:///usr/lib/jvm/java-17-openjdk!/jdk.internal.opt" type="simple" />
            <root url="jrt:///usr/lib/jvm/java-17-openjdk!/jdk.internal.vm.ci" type="simple" />
            <root url="jrt:///usr/lib/jvm/java-17-openjdk!/jdk.internal.vm.compiler" type="simple" />
            <root url="jrt:///usr/lib/jvm/java-17-openjdk!/jdk.internal.vm.compiler.management" type="simple" />
            <root url="jrt:///usr/lib/jvm/java-17-openjdk!/jdk.jartool" type="simple" />
            <root url="jrt:///usr/lib/jvm/java-17-openjdk!/jdk.javadoc" type="simple" />
            <root url="jrt:///usr/lib/jvm/java-17-openjdk!/jdk.jcmd" type="simple" />
            <root url="jrt:///usr/lib/jvm/java-17-openjdk!/jdk.jconsole" type="simple" />
            <root url="jrt:///usr/lib/jvm/java-17-openjdk!/jdk.jdeps" type="simple" />
            <root url="jrt:///usr/lib/jvm/java-17-openjdk!/jdk.jdi" type="simple" />
            <root url="jrt:///usr/lib/jvm/java-17-openjdk!/jdk.jdwp.agent" type="simple" />
            <root url="jrt:///usr/lib/jvm/java-17-openjdk!/jdk.jfr" type="simple" />
            <root url="jrt:///usr/lib/jvm/java-17-openjdk!/jdk.jlink" type="simple" />
            <root url="jrt:///usr/lib/jvm/java-17-openjdk!/jdk.jpackage" type="simple" />
            <root url="jrt:///usr/lib/jvm/java-17-openjdk!/jdk.jshell" type="simple" />
            <root url="jrt:///usr/lib/jvm/java-17-openjdk!/jdk.jsobject" type="simple" />
            <root url="jrt:///usr/lib/jvm/java-17-openjdk!/jdk.jstatd" type="simple" />
            <root url="jrt:///usr/lib/jvm/java-17-openjdk!/jdk.localedata" type="simple" />
            <root url="jrt:///usr/lib/jvm/java-17-openjdk!/jdk.management" type="simple" />
            <root url="jrt:///usr/lib/jvm/java-17-openjdk!/jdk.management.agent" type="simple" />
            <root url="jrt:///usr/lib/jvm/java-17-openjdk!/jdk.management.jfr" type="simple" />
            <root url="jrt:///usr/lib/jvm/java-17-openjdk!/jdk.naming.dns" type="simple" />
            <root url="jrt:///usr/lib/jvm/java-17-openjdk!/jdk.naming.rmi" type="simple" />
            <root url="jrt:///usr/lib/jvm/java-17-openjdk!/jdk.net" type="simple" />
            <root url="jrt:///usr/lib/jvm/java-17-openjdk!/jdk.nio.mapmode" type="simple" />
            <root url="jrt:///usr/lib/jvm/java-17-openjdk!/jdk.random" type="simple" />
            <root url="jrt:///usr/lib/jvm/java-17-openjdk!/jdk.sctp" type="simple" />
            <root url="jrt:///usr/lib/jvm/java-17-openjdk!/jdk.security.auth" type="simple" />
            <root url="jrt:///usr/lib/jvm/java-17-openjdk!/jdk.security.jgss" type="simple" />
            <root url="jrt:///usr/lib/jvm/java-17-openjdk!/jdk.unsupported" type="simple" />
            <root url="jrt:///usr/lib/jvm/java-17-openjdk!/jdk.unsupported.desktop" type="simple" />
            <root url="jrt:///usr/lib/jvm/java-17-openjdk!/jdk.xml.dom" type="simple" />
            <root url="jrt:///usr/lib/jvm/java-17-openjdk!/jdk.zipfs" type="simple" />
          </root>
        </classPath>
        <javadocPath>
          <root type="composite">
            <root url="https://download.java.net/java/early_access/jdk17/docs/api/" type="simple" />
          </root>
        </javadocPath>
        <sourcePath>
          <root type="composite">
            <root url="jar:///usr/src/openjdk-17+35_src.zip!/openjdk/make/ide/idea/jdk/template/src" type="simple" />
            <root url="jar:///usr/src/openjdk-17+35_src.zip!/openjdk/make/ide/idea/langtools/template/src" type="simple" />
            <root url="jar:///usr/src/openjdk-17+35_src.zip!/openjdk/make/ide/visualstudio/hotspot/src/classes" type="simple" />
            <root url="jar:///usr/src/openjdk-17+35_src.zip!/openjdk/make/jdk/src/classes" type="simple" />
            <root url="jar:///usr/src/openjdk-17+35_src.zip!/openjdk/make/langtools/src/classes" type="simple" />
            <root url="jar:///usr/src/openjdk-17+35_src.zip!/openjdk/make/langtools/test" type="simple" />
            <root url="jar:///usr/src/openjdk-17+35_src.zip!/openjdk/make/langtools/test/crules/CodingRulesAnalyzerPlugin" type="simple" />
            <root url="jar:///usr/src/openjdk-17+35_src.zip!/openjdk/make/langtools/test/crules/DefinedByAnalyzer" type="simple" />
            <root url="jar:///usr/src/openjdk-17+35_src.zip!/openjdk/make/langtools/tools" type="simple" />
            <root url="jar:///usr/src/openjdk-17+35_src.zip!/openjdk/make/src/classes" type="simple" />
            <root url="jar:///usr/src/openjdk-17+35_src.zip!/openjdk/src/demo/share/java2d/J2DBench/src" type="simple" />
            <root url="jar:///usr/src/openjdk-17+35_src.zip!/openjdk/src/demo/share/jfc/CodePointIM" type="simple" />
            <root url="jar:///usr/src/openjdk-17+35_src.zip!/openjdk/src/demo/share/jfc/FileChooserDemo" type="simple" />
            <root url="jar:///usr/src/openjdk-17+35_src.zip!/openjdk/src/demo/share/jfc/Font2DTest" type="simple" />
            <root url="jar:///usr/src/openjdk-17+35_src.zip!/openjdk/src/demo/share/jfc/J2Ddemo" type="simple" />
            <root url="jar:///usr/src/openjdk-17+35_src.zip!/openjdk/src/demo/share/jfc/Metalworks" type="simple" />
            <root url="jar:///usr/src/openjdk-17+35_src.zip!/openjdk/src/demo/share/jfc/Notepad" type="simple" />
            <root url="jar:///usr/src/openjdk-17+35_src.zip!/openjdk/src/demo/share/jfc/SampleTree" type="simple" />
            <root url="jar:///usr/src/openjdk-17+35_src.zip!/openjdk/src/demo/share/jfc/Stylepad" type="simple" />
            <root url="jar:///usr/src/openjdk-17+35_src.zip!/openjdk/src/demo/share/jfc/SwingSet2" type="simple" />
            <root url="jar:///usr/src/openjdk-17+35_src.zip!/openjdk/src/demo/share/jfc/TableExample" type="simple" />
            <root url="jar:///usr/src/openjdk-17+35_src.zip!/openjdk/src/demo/share/jfc/TransparentRuler" type="simple" />
            <root url="jar:///usr/src/openjdk-17+35_src.zip!/openjdk/src/hotspot/share/prims" type="simple" />
            <root url="jar:///usr/src/openjdk-17+35_src.zip!/openjdk/src/java.base/aix/classes" type="simple" />
            <root url="jar:///usr/src/openjdk-17+35_src.zip!/openjdk/src/java.base/linux/classes" type="simple" />
            <root url="jar:///usr/src/openjdk-17+35_src.zip!/openjdk/src/java.base/macosx/classes" type="simple" />
            <root url="jar:///usr/src/openjdk-17+35_src.zip!/openjdk/src/java.base/share/classes" type="simple" />
            <root url="jar:///usr/src/openjdk-17+35_src.zip!/openjdk/src/java.base/unix/classes" type="simple" />
            <root url="jar:///usr/src/openjdk-17+35_src.zip!/openjdk/src/java.base/windows/classes" type="simple" />
            <root url="jar:///usr/src/openjdk-17+35_src.zip!/openjdk/src/java.compiler/share/classes" type="simple" />
            <root url="jar:///usr/src/openjdk-17+35_src.zip!/openjdk/src/java.datatransfer/share/classes" type="simple" />
            <root url="jar:///usr/src/openjdk-17+35_src.zip!/openjdk/src/java.desktop/aix/classes" type="simple" />
            <root url="jar:///usr/src/openjdk-17+35_src.zip!/openjdk/src/java.desktop/macosx/classes" type="simple" />
            <root url="jar:///usr/src/openjdk-17+35_src.zip!/openjdk/src/java.desktop/share/classes" type="simple" />
            <root url="jar:///usr/src/openjdk-17+35_src.zip!/openjdk/src/java.desktop/unix/classes" type="simple" />
            <root url="jar:///usr/src/openjdk-17+35_src.zip!/openjdk/src/java.desktop/windows/classes" type="simple" />
            <root url="jar:///usr/src/openjdk-17+35_src.zip!/openjdk/src/java.instrument/share/classes" type="simple" />
            <root url="jar:///usr/src/openjdk-17+35_src.zip!/openjdk/src/java.logging/share/classes" type="simple" />
            <root url="jar:///usr/src/openjdk-17+35_src.zip!/openjdk/src/java.management.rmi/share/classes" type="simple" />
            <root url="jar:///usr/src/openjdk-17+35_src.zip!/openjdk/src/java.management/share/classes" type="simple" />
            <root url="jar:///usr/src/openjdk-17+35_src.zip!/openjdk/src/java.naming/share/classes" type="simple" />
            <root url="jar:///usr/src/openjdk-17+35_src.zip!/openjdk/src/java.net.http/share/classes" type="simple" />
            <root url="jar:///usr/src/openjdk-17+35_src.zip!/openjdk/src/java.prefs/macosx/classes" type="simple" />
            <root url="jar:///usr/src/openjdk-17+35_src.zip!/openjdk/src/java.prefs/share/classes" type="simple" />
            <root url="jar:///usr/src/openjdk-17+35_src.zip!/openjdk/src/java.prefs/unix/classes" type="simple" />
            <root url="jar:///usr/src/openjdk-17+35_src.zip!/openjdk/src/java.prefs/windows/classes" type="simple" />
            <root url="jar:///usr/src/openjdk-17+35_src.zip!/openjdk/src/java.rmi/share/classes" type="simple" />
            <root url="jar:///usr/src/openjdk-17+35_src.zip!/openjdk/src/java.scripting/share/classes" type="simple" />
            <root url="jar:///usr/src/openjdk-17+35_src.zip!/openjdk/src/java.security.jgss/share/classes" type="simple" />
            <root url="jar:///usr/src/openjdk-17+35_src.zip!/openjdk/src/java.security.jgss/windows/classes" type="simple" />
            <root url="jar:///usr/src/openjdk-17+35_src.zip!/openjdk/src/java.security.sasl/share/classes" type="simple" />
            <root url="jar:///usr/src/openjdk-17+35_src.zip!/openjdk/src/java.smartcardio/share/classes" type="simple" />
            <root url="jar:///usr/src/openjdk-17+35_src.zip!/openjdk/src/java.smartcardio/unix/classes" type="simple" />
            <root url="jar:///usr/src/openjdk-17+35_src.zip!/openjdk/src/java.smartcardio/windows/classes" type="simple" />
            <root url="jar:///usr/src/openjdk-17+35_src.zip!/openjdk/src/java.sql.rowset/share/classes" type="simple" />
            <root url="jar:///usr/src/openjdk-17+35_src.zip!/openjdk/src/java.sql/share/classes" type="simple" />
            <root url="jar:///usr/src/openjdk-17+35_src.zip!/openjdk/src/java.transaction.xa/share/classes" type="simple" />
            <root url="jar:///usr/src/openjdk-17+35_src.zip!/openjdk/src/java.xml.crypto/share/classes" type="simple" />
            <root url="jar:///usr/src/openjdk-17+35_src.zip!/openjdk/src/java.xml/share/classes" type="simple" />
            <root url="jar:///usr/src/openjdk-17+35_src.zip!/openjdk/src/jdk.accessibility/share/classes" type="simple" />
            <root url="jar:///usr/src/openjdk-17+35_src.zip!/openjdk/src/jdk.accessibility/windows/classes" type="simple" />
            <root url="jar:///usr/src/openjdk-17+35_src.zip!/openjdk/src/jdk.attach/aix/classes" type="simple" />
            <root url="jar:///usr/src/openjdk-17+35_src.zip!/openjdk/src/jdk.attach/linux/classes" type="simple" />
            <root url="jar:///usr/src/openjdk-17+35_src.zip!/openjdk/src/jdk.attach/macosx/classes" type="simple" />
            <root url="jar:///usr/src/openjdk-17+35_src.zip!/openjdk/src/jdk.attach/share/classes" type="simple" />
            <root url="jar:///usr/src/openjdk-17+35_src.zip!/openjdk/src/jdk.attach/windows/classes" type="simple" />
            <root url="jar:///usr/src/openjdk-17+35_src.zip!/openjdk/src/jdk.charsets/share/classes" type="simple" />
            <root url="jar:///usr/src/openjdk-17+35_src.zip!/openjdk/src/jdk.compiler/share/classes" type="simple" />
            <root url="jar:///usr/src/openjdk-17+35_src.zip!/openjdk/src/jdk.crypto.cryptoki/share/classes" type="simple" />
            <root url="jar:///usr/src/openjdk-17+35_src.zip!/openjdk/src/jdk.crypto.ec/share/classes" type="simple" />
            <root url="jar:///usr/src/openjdk-17+35_src.zip!/openjdk/src/jdk.crypto.mscapi/windows/classes" type="simple" />
            <root url="jar:///usr/src/openjdk-17+35_src.zip!/openjdk/src/jdk.dynalink/share/classes" type="simple" />
            <root url="jar:///usr/src/openjdk-17+35_src.zip!/openjdk/src/jdk.editpad/share/classes" type="simple" />
            <root url="jar:///usr/src/openjdk-17+35_src.zip!/openjdk/src/jdk.hotspot.agent/share/classes" type="simple" />
            <root url="jar:///usr/src/openjdk-17+35_src.zip!/openjdk/src/jdk.hotspot.agent/test/libproc" type="simple" />
            <root url="jar:///usr/src/openjdk-17+35_src.zip!/openjdk/src/jdk.httpserver/share/classes" type="simple" />
            <root url="jar:///usr/src/openjdk-17+35_src.zip!/openjdk/src/jdk.incubator.foreign/share/classes" type="simple" />
            <root url="jar:///usr/src/openjdk-17+35_src.zip!/openjdk/src/jdk.incubator.vector/share/classes" type="simple" />
            <root url="jar:///usr/src/openjdk-17+35_src.zip!/openjdk/src/jdk.internal.ed/share/classes" type="simple" />
            <root url="jar:///usr/src/openjdk-17+35_src.zip!/openjdk/src/jdk.internal.jvmstat/linux/classes" type="simple" />
            <root url="jar:///usr/src/openjdk-17+35_src.zip!/openjdk/src/jdk.internal.jvmstat/share/classes" type="simple" />
            <root url="jar:///usr/src/openjdk-17+35_src.zip!/openjdk/src/jdk.internal.le/share/classes" type="simple" />
            <root url="jar:///usr/src/openjdk-17+35_src.zip!/openjdk/src/jdk.internal.le/windows/classes" type="simple" />
            <root url="jar:///usr/src/openjdk-17+35_src.zip!/openjdk/src/jdk.internal.opt/share/classes" type="simple" />
            <root url="jar:///usr/src/openjdk-17+35_src.zip!/openjdk/src/jdk.internal.vm.ci/share/classes/jdk.vm.ci.aarch64/src" type="simple" />
            <root url="jar:///usr/src/openjdk-17+35_src.zip!/openjdk/src/jdk.internal.vm.ci/share/classes/jdk.vm.ci.amd64/src" type="simple" />
            <root url="jar:///usr/src/openjdk-17+35_src.zip!/openjdk/src/jdk.internal.vm.ci/share/classes/jdk.vm.ci.code/src" type="simple" />
            <root url="jar:///usr/src/openjdk-17+35_src.zip!/openjdk/src/jdk.internal.vm.ci/share/classes/jdk.vm.ci.common/src" type="simple" />
            <root url="jar:///usr/src/openjdk-17+35_src.zip!/openjdk/src/jdk.internal.vm.ci/share/classes/jdk.vm.ci.hotspot.aarch64/src" type="simple" />
            <root url="jar:///usr/src/openjdk-17+35_src.zip!/openjdk/src/jdk.internal.vm.ci/share/classes/jdk.vm.ci.hotspot.amd64/src" type="simple" />
            <root url="jar:///usr/src/openjdk-17+35_src.zip!/openjdk/src/jdk.internal.vm.ci/share/classes/jdk.vm.ci.hotspot/src" type="simple" />
            <root url="jar:///usr/src/openjdk-17+35_src.zip!/openjdk/src/jdk.internal.vm.ci/share/classes/jdk.vm.ci.meta/src" type="simple" />
            <root url="jar:///usr/src/openjdk-17+35_src.zip!/openjdk/src/jdk.internal.vm.ci/share/classes/jdk.vm.ci.runtime/src" type="simple" />
            <root url="jar:///usr/src/openjdk-17+35_src.zip!/openjdk/src/jdk.internal.vm.ci/share/classes/jdk.vm.ci.services/src" type="simple" />
            <root url="jar:///usr/src/openjdk-17+35_src.zip!/openjdk/src/jdk.jartool/share/classes" type="simple" />
            <root url="jar:///usr/src/openjdk-17+35_src.zip!/openjdk/src/jdk.javadoc/share/classes" type="simple" />
            <root url="jar:///usr/src/openjdk-17+35_src.zip!/openjdk/src/jdk.jcmd/linux/classes" type="simple" />
            <root url="jar:///usr/src/openjdk-17+35_src.zip!/openjdk/src/jdk.jcmd/share/classes" type="simple" />
            <root url="jar:///usr/src/openjdk-17+35_src.zip!/openjdk/src/jdk.jconsole/share/classes" type="simple" />
            <root url="jar:///usr/src/openjdk-17+35_src.zip!/openjdk/src/jdk.jdeps/share/classes" type="simple" />
            <root url="jar:///usr/src/openjdk-17+35_src.zip!/openjdk/src/jdk.jdi/share/classes" type="simple" />
            <root url="jar:///usr/src/openjdk-17+35_src.zip!/openjdk/src/jdk.jdi/windows/classes" type="simple" />
            <root url="jar:///usr/src/openjdk-17+35_src.zip!/openjdk/src/jdk.jfr/share/classes" type="simple" />
            <root url="jar:///usr/src/openjdk-17+35_src.zip!/openjdk/src/jdk.jlink/linux/classes" type="simple" />
            <root url="jar:///usr/src/openjdk-17+35_src.zip!/openjdk/src/jdk.jlink/share/classes" type="simple" />
            <root url="jar:///usr/src/openjdk-17+35_src.zip!/openjdk/src/jdk.jpackage/linux/classes" type="simple" />
            <root url="jar:///usr/src/openjdk-17+35_src.zip!/openjdk/src/jdk.jpackage/macosx/classes" type="simple" />
            <root url="jar:///usr/src/openjdk-17+35_src.zip!/openjdk/src/jdk.jpackage/share/classes" type="simple" />
            <root url="jar:///usr/src/openjdk-17+35_src.zip!/openjdk/src/jdk.jpackage/windows/classes" type="simple" />
            <root url="jar:///usr/src/openjdk-17+35_src.zip!/openjdk/src/jdk.jshell/share/classes" type="simple" />
            <root url="jar:///usr/src/openjdk-17+35_src.zip!/openjdk/src/jdk.jsobject/share/classes" type="simple" />
            <root url="jar:///usr/src/openjdk-17+35_src.zip!/openjdk/src/jdk.jstatd/share/classes" type="simple" />
            <root url="jar:///usr/src/openjdk-17+35_src.zip!/openjdk/src/jdk.localedata/share/classes" type="simple" />
            <root url="jar:///usr/src/openjdk-17+35_src.zip!/openjdk/src/jdk.management.agent/share/classes" type="simple" />
            <root url="jar:///usr/src/openjdk-17+35_src.zip!/openjdk/src/jdk.management.agent/unix/classes" type="simple" />
            <root url="jar:///usr/src/openjdk-17+35_src.zip!/openjdk/src/jdk.management.agent/windows/classes" type="simple" />
            <root url="jar:///usr/src/openjdk-17+35_src.zip!/openjdk/src/jdk.management.jfr/share/classes" type="simple" />
            <root url="jar:///usr/src/openjdk-17+35_src.zip!/openjdk/src/jdk.management/share/classes" type="simple" />
            <root url="jar:///usr/src/openjdk-17+35_src.zip!/openjdk/src/jdk.management/unix/classes" type="simple" />
            <root url="jar:///usr/src/openjdk-17+35_src.zip!/openjdk/src/jdk.management/windows/classes" type="simple" />
            <root url="jar:///usr/src/openjdk-17+35_src.zip!/openjdk/src/jdk.naming.dns/share/classes" type="simple" />
            <root url="jar:///usr/src/openjdk-17+35_src.zip!/openjdk/src/jdk.naming.rmi/share/classes" type="simple" />
            <root url="jar:///usr/src/openjdk-17+35_src.zip!/openjdk/src/jdk.net/linux/classes" type="simple" />
            <root url="jar:///usr/src/openjdk-17+35_src.zip!/openjdk/src/jdk.net/macosx/classes" type="simple" />
            <root url="jar:///usr/src/openjdk-17+35_src.zip!/openjdk/src/jdk.net/share/classes" type="simple" />
            <root url="jar:///usr/src/openjdk-17+35_src.zip!/openjdk/src/jdk.nio.mapmode/share/classes" type="simple" />
            <root url="jar:///usr/src/openjdk-17+35_src.zip!/openjdk/src/jdk.random/share/classes" type="simple" />
            <root url="jar:///usr/src/openjdk-17+35_src.zip!/openjdk/src/jdk.sctp/aix/classes" type="simple" />
            <root url="jar:///usr/src/openjdk-17+35_src.zip!/openjdk/src/jdk.sctp/macosx/classes" type="simple" />
            <root url="jar:///usr/src/openjdk-17+35_src.zip!/openjdk/src/jdk.sctp/share/classes" type="simple" />
            <root url="jar:///usr/src/openjdk-17+35_src.zip!/openjdk/src/jdk.sctp/unix/classes" type="simple" />
            <root url="jar:///usr/src/openjdk-17+35_src.zip!/openjdk/src/jdk.sctp/windows/classes" type="simple" />
            <root url="jar:///usr/src/openjdk-17+35_src.zip!/openjdk/src/jdk.security.auth/share/classes" type="simple" />
            <root url="jar:///usr/src/openjdk-17+35_src.zip!/openjdk/src/jdk.security.jgss/share/classes" type="simple" />
            <root url="jar:///usr/src/openjdk-17+35_src.zip!/openjdk/src/jdk.unsupported.desktop/share/classes" type="simple" />
            <root url="jar:///usr/src/openjdk-17+35_src.zip!/openjdk/src/jdk.unsupported/share/classes" type="simple" />
            <root url="jar:///usr/src/openjdk-17+35_src.zip!/openjdk/src/jdk.xml.dom/share/classes" type="simple" />
            <root url="jar:///usr/src/openjdk-17+35_src.zip!/openjdk/src/jdk.zipfs/share/classes" type="simple" />
            <root url="jar:///usr/src/openjdk-17+35_src.zip!/openjdk/src/utils/IdealGraphVisualizer/BatikSVGProxy/src/main/java" type="simple" />
            <root url="jar:///usr/src/openjdk-17+35_src.zip!/openjdk/src/utils/IdealGraphVisualizer/Bytecodes/src/main/java" type="simple" />
            <root url="jar:///usr/src/openjdk-17+35_src.zip!/openjdk/src/utils/IdealGraphVisualizer/ControlFlow/src/main/java" type="simple" />
            <root url="jar:///usr/src/openjdk-17+35_src.zip!/openjdk/src/utils/IdealGraphVisualizer/Coordinator/src/main/java" type="simple" />
            <root url="jar:///usr/src/openjdk-17+35_src.zip!/openjdk/src/utils/IdealGraphVisualizer/Data/src/main/java" type="simple" />
            <root url="jar:///usr/src/openjdk-17+35_src.zip!/openjdk/src/utils/IdealGraphVisualizer/Data/src/test/java" type="simple" />
            <root url="jar:///usr/src/openjdk-17+35_src.zip!/openjdk/src/utils/IdealGraphVisualizer/Difference/src/main/java" type="simple" />
            <root url="jar:///usr/src/openjdk-17+35_src.zip!/openjdk/src/utils/IdealGraphVisualizer/Filter/src/main/java" type="simple" />
            <root url="jar:///usr/src/openjdk-17+35_src.zip!/openjdk/src/utils/IdealGraphVisualizer/FilterWindow/src/main/java" type="simple" />
            <root url="jar:///usr/src/openjdk-17+35_src.zip!/openjdk/src/utils/IdealGraphVisualizer/Graal/src/main/java" type="simple" />
            <root url="jar:///usr/src/openjdk-17+35_src.zip!/openjdk/src/utils/IdealGraphVisualizer/Graph/src/main/java" type="simple" />
            <root url="jar:///usr/src/openjdk-17+35_src.zip!/openjdk/src/utils/IdealGraphVisualizer/HierarchicalLayout/src/main/java" type="simple" />
            <root url="jar:///usr/src/openjdk-17+35_src.zip!/openjdk/src/utils/IdealGraphVisualizer/Layout/src/main/java" type="simple" />
            <root url="jar:///usr/src/openjdk-17+35_src.zip!/openjdk/src/utils/IdealGraphVisualizer/NetworkConnection/src/main/java" type="simple" />
            <root url="jar:///usr/src/openjdk-17+35_src.zip!/openjdk/src/utils/IdealGraphVisualizer/SelectionCoordinator/src/main/java" type="simple" />
            <root url="jar:///usr/src/openjdk-17+35_src.zip!/openjdk/src/utils/IdealGraphVisualizer/ServerCompiler/src/main/java" type="simple" />
            <root url="jar:///usr/src/openjdk-17+35_src.zip!/openjdk/src/utils/IdealGraphVisualizer/Settings/src/main/java" type="simple" />
            <root url="jar:///usr/src/openjdk-17+35_src.zip!/openjdk/src/utils/IdealGraphVisualizer/Util/src/main/java" type="simple" />
            <root url="jar:///usr/src/openjdk-17+35_src.zip!/openjdk/src/utils/IdealGraphVisualizer/View/src/main/java" type="simple" />
            <root url="jar:///usr/src/openjdk-17+35_src.zip!/openjdk/src/utils/LogCompilation/src/main/java" type="simple" />
            <root url="jar:///usr/src/openjdk-17+35_src.zip!/openjdk/src/utils/LogCompilation/src/test/java" type="simple" />
            <root url="jar:///usr/src/openjdk-17+35_src.zip!/openjdk/src/utils/src" type="simple" />
            <root url="jar:///usr/src/openjdk-17+35_src.zip!/openjdk/test/failure_handler/src/share/classes" type="simple" />
            <root url="jar:///usr/src/openjdk-17+35_src.zip!/openjdk/test/failure_handler/test/sanity" type="simple" />
            <root url="jar:///usr/src/openjdk-17+35_src.zip!/openjdk/test/failure_handler/test/unit" type="simple" />
            <root url="jar:///usr/src/openjdk-17+35_src.zip!/openjdk/test/hotspot/jtreg" type="simple" />
            <root url="jar:///usr/src/openjdk-17+35_src.zip!/openjdk/test/jaxp/javax/xml/jaxp/functional" type="simple" />
            <root url="jar:///usr/src/openjdk-17+35_src.zip!/openjdk/test/jaxp/javax/xml/jaxp/isolatedjdk" type="simple" />
            <root url="jar:///usr/src/openjdk-17+35_src.zip!/openjdk/test/jaxp/javax/xml/jaxp/libs" type="simple" />
            <root url="jar:///usr/src/openjdk-17+35_src.zip!/openjdk/test/jaxp/javax/xml/jaxp/module/ServiceProviderTest" type="simple" />
            <root url="jar:///usr/src/openjdk-17+35_src.zip!/openjdk/test/jaxp/javax/xml/jaxp/module/ServiceProviderTest/src/DefaultFactoryWrapperTest/xmlwrapperprovider" type="simple" />
            <root url="jar:///usr/src/openjdk-17+35_src.zip!/openjdk/test/jaxp/javax/xml/jaxp/module/ServiceProviderTest/src/test" type="simple" />
            <root url="jar:///usr/src/openjdk-17+35_src.zip!/openjdk/test/jaxp/javax/xml/jaxp/module/ServiceProviderTest/src/unnamed" type="simple" />
            <root url="jar:///usr/src/openjdk-17+35_src.zip!/openjdk/test/jaxp/javax/xml/jaxp/module/ServiceProviderTest/src/xmlprovider1" type="simple" />
            <root url="jar:///usr/src/openjdk-17+35_src.zip!/openjdk/test/jaxp/javax/xml/jaxp/module/ServiceProviderTest/src/xmlprovider2" type="simple" />
            <root url="jar:///usr/src/openjdk-17+35_src.zip!/openjdk/test/jaxp/javax/xml/jaxp/module/ServiceProviderTest/src/xmlprovider3" type="simple" />
            <root url="jar:///usr/src/openjdk-17+35_src.zip!/openjdk/test/jaxp/javax/xml/jaxp/unittest" type="simple" />
            <root url="jar:///usr/src/openjdk-17+35_src.zip!/openjdk/test/jdk" type="simple" />
            <root url="jar:///usr/src/openjdk-17+35_src.zip!/openjdk/test/jdk/com/apple/eawt/DefaultMenuBar" type="simple" />
            <root url="jar:///usr/src/openjdk-17+35_src.zip!/openjdk/test/jdk/com/apple/laf/ScreenMenu" type="simple" />
            <root url="jar:///usr/src/openjdk-17+35_src.zip!/openjdk/test/jdk/com/sun/crypto/provider/CICO" type="simple" />
            <root url="jar:///usr/src/openjdk-17+35_src.zip!/openjdk/test/jdk/com/sun/crypto/provider/CICO/PBEFunc" type="simple" />
            <root url="jar:///usr/src/openjdk-17+35_src.zip!/openjdk/test/jdk/com/sun/crypto/provider/Cipher" type="simple" />
            <root url="jar:///usr/src/openjdk-17+35_src.zip!/openjdk/test/jdk/com/sun/crypto/provider/Cipher/AEAD" type="simple" />
            <root url="jar:///usr/src/openjdk-17+35_src.zip!/openjdk/test/jdk/com/sun/crypto/provider/Cipher/AES" type="simple" />
            <root url="jar:///usr/src/openjdk-17+35_src.zip!/openjdk/test/jdk/com/sun/crypto/provider/Cipher/Blowfish" type="simple" />
            <root url="jar:///usr/src/openjdk-17+35_src.zip!/openjdk/test/jdk/com/sun/crypto/provider/Cipher/CTR" type="simple" />
            <root url="jar:///usr/src/openjdk-17+35_src.zip!/openjdk/test/jdk/com/sun/crypto/provider/Cipher/CTS" type="simple" />
            <root url="jar:///usr/src/openjdk-17+35_src.zip!/openjdk/test/jdk/com/sun/crypto/provider/Cipher/ChaCha20" type="simple" />
            <root url="jar:///usr/src/openjdk-17+35_src.zip!/openjdk/test/jdk/com/sun/crypto/provider/Cipher/ChaCha20/unittest" type="simple" />
            <root url="jar:///usr/src/openjdk-17+35_src.zip!/openjdk/test/jdk/com/sun/crypto/provider/Cipher/ChaCha20/unittest/java.base" type="simple" />
            <root url="jar:///usr/src/openjdk-17+35_src.zip!/openjdk/test/jdk/com/sun/crypto/provider/Cipher/DES" type="simple" />
            <root url="jar:///usr/src/openjdk-17+35_src.zip!/openjdk/test/jdk/com/sun/crypto/provider/Cipher/JCE/Bugs/4686632" type="simple" />
            <root url="jar:///usr/src/openjdk-17+35_src.zip!/openjdk/test/jdk/com/sun/crypto/provider/Cipher/KeyWrap" type="simple" />
            <root url="jar:///usr/src/openjdk-17+35_src.zip!/openjdk/test/jdk/com/sun/crypto/provider/Cipher/PBE" type="simple" />
            <root url="jar:///usr/src/openjdk-17+35_src.zip!/openjdk/test/jdk/com/sun/crypto/provider/Cipher/PBE/PBESameBuffer" type="simple" />
            <root url="jar:///usr/src/openjdk-17+35_src.zip!/openjdk/test/jdk/com/sun/crypto/provider/Cipher/RC2ArcFour" type="simple" />
            <root url="jar:///usr/src/openjdk-17+35_src.zip!/openjdk/test/jdk/com/sun/crypto/provider/Cipher/RSA" type="simple" />
            <root url="jar:///usr/src/openjdk-17+35_src.zip!/openjdk/test/jdk/com/sun/crypto/provider/Cipher/TextLength" type="simple" />
            <root url="jar:///usr/src/openjdk-17+35_src.zip!/openjdk/test/jdk/com/sun/crypto/provider/Cipher/UTIL" type="simple" />
            <root url="jar:///usr/src/openjdk-17+35_src.zip!/openjdk/test/jdk/com/sun/crypto/provider/KeyAgreement" type="simple" />
            <root url="jar:///usr/src/openjdk-17+35_src.zip!/openjdk/test/jdk/com/sun/crypto/provider/KeyFactory" type="simple" />
            <root url="jar:///usr/src/openjdk-17+35_src.zip!/openjdk/test/jdk/com/sun/crypto/provider/KeyGenerator" type="simple" />
            <root url="jar:///usr/src/openjdk-17+35_src.zip!/openjdk/test/jdk/com/sun/crypto/provider/KeyProtector" type="simple" />
            <root url="jar:///usr/src/openjdk-17+35_src.zip!/openjdk/test/jdk/com/sun/crypto/provider/Mac" type="simple" />
            <root url="jar:///usr/src/openjdk-17+35_src.zip!/openjdk/test/jdk/com/sun/crypto/provider/NSASuiteB" type="simple" />
            <root url="jar:///usr/src/openjdk-17+35_src.zip!/openjdk/test/jdk/com/sun/crypto/provider/TLS" type="simple" />
            <root url="jar:///usr/src/openjdk-17+35_src.zip!/openjdk/test/jdk/com/sun/jarsigner" type="simple" />
            <root url="jar:///usr/src/openjdk-17+35_src.zip!/openjdk/test/jdk/com/sun/java/accessibility/util/8051626" type="simple" />
            <root url="jar:///usr/src/openjdk-17+35_src.zip!/openjdk/test/jdk/com/sun/java/swing/plaf/gtk" type="simple" />
            <root url="jar:///usr/src/openjdk-17+35_src.zip!/openjdk/test/jdk/com/sun/java/swing/plaf/gtk/4928019" type="simple" />
            <root url="jar:///usr/src/openjdk-17+35_src.zip!/openjdk/test/jdk/com/sun/java/swing/plaf/windows" type="simple" />
            <root url="jar:///usr/src/openjdk-17+35_src.zip!/openjdk/test/jdk/com/sun/java/swing/plaf/windows/8016551" type="simple" />
            <root url="jar:///usr/src/openjdk-17+35_src.zip!/openjdk/test/jdk/com/sun/jdi" type="simple" />
            <root url="jar:///usr/src/openjdk-17+35_src.zip!/openjdk/test/jdk/com/sun/jdi/cds" type="simple" />
            <root url="jar:///usr/src/openjdk-17+35_src.zip!/openjdk/test/jdk/com/sun/jmx/mbeanserver/introspector" type="simple" />
            <root url="jar:///usr/src/openjdk-17+35_src.zip!/openjdk/test/jdk/com/sun/jmx/remote" type="simple" />
            <root url="jar:///usr/src/openjdk-17+35_src.zip!/openjdk/test/jdk/com/sun/jndi/dns" type="simple" />
            <root url="jar:///usr/src/openjdk-17+35_src.zip!/openjdk/test/jdk/com/sun/jndi/dns/ConfigTests" type="simple" />
            <root url="jar:///usr/src/openjdk-17+35_src.zip!/openjdk/test/jdk/com/sun/jndi/dns/EnvTests" type="simple" />
            <root url="jar:///usr/src/openjdk-17+35_src.zip!/openjdk/test/jdk/com/sun/jndi/dns/FedTests" type="simple" />
            <root url="jar:///usr/src/openjdk-17+35_src.zip!/openjdk/test/jdk/com/sun/jndi/dns/ListTests" type="simple" />
            <root url="jar:///usr/src/openjdk-17+35_src.zip!/openjdk/test/jdk/com/sun/jndi/dns/lib" type="simple" />
            <root url="jar:///usr/src/openjdk-17+35_src.zip!/openjdk/test/jdk/com/sun/jndi/ldap" type="simple" />
            <root url="jar:///usr/src/openjdk-17+35_src.zip!/openjdk/test/jdk/com/sun/jndi/ldap/LdapCtx" type="simple" />
            <root url="jar:///usr/src/openjdk-17+35_src.zip!/openjdk/test/jdk/com/sun/jndi/ldap/LdapName" type="simple" />
            <root url="jar:///usr/src/openjdk-17+35_src.zip!/openjdk/test/jdk/com/sun/jndi/ldap/blits/AddTests" type="simple" />
            <root url="jar:///usr/src/openjdk-17+35_src.zip!/openjdk/test/jdk/com/sun/jndi/ldap/lib" type="simple" />
            <root url="jar:///usr/src/openjdk-17+35_src.zip!/openjdk/test/jdk/com/sun/jndi/rmi/registry/RegistryContext" type="simple" />
            <root url="jar:///usr/src/openjdk-17+35_src.zip!/openjdk/test/jdk/com/sun/management" type="simple" />
            <root url="jar:///usr/src/openjdk-17+35_src.zip!/openjdk/test/jdk/com/sun/management/DiagnosticCommandMBean" type="simple" />
            <root url="jar:///usr/src/openjdk-17+35_src.zip!/openjdk/test/jdk/com/sun/management/GarbageCollectorMXBean" type="simple" />
            <root url="jar:///usr/src/openjdk-17+35_src.zip!/openjdk/test/jdk/com/sun/management/HotSpotDiagnosticMXBean" type="simple" />
            <root url="jar:///usr/src/openjdk-17+35_src.zip!/openjdk/test/jdk/com/sun/management/OperatingSystemMXBean" type="simple" />
            <root url="jar:///usr/src/openjdk-17+35_src.zip!/openjdk/test/jdk/com/sun/management/ThreadMXBean" type="simple" />
            <root url="jar:///usr/src/openjdk-17+35_src.zip!/openjdk/test/jdk/com/sun/management/UnixOperatingSystemMXBean" type="simple" />
            <root url="jar:///usr/src/openjdk-17+35_src.zip!/openjdk/test/jdk/com/sun/net/httpserver" type="simple" />
            <root url="jar:///usr/src/openjdk-17+35_src.zip!/openjdk/test/jdk/com/sun/net/httpserver/bugs" type="simple" />
            <root url="jar:///usr/src/openjdk-17+35_src.zip!/openjdk/test/jdk/com/sun/net/httpserver/bugs/6725892" type="simple" />
            <root url="jar:///usr/src/openjdk-17+35_src.zip!/openjdk/test/jdk/com/sun/net/httpserver/bugs/8199849" type="simple" />
            <root url="jar:///usr/src/openjdk-17+35_src.zip!/openjdk/test/jdk/com/sun/net/httpserver/bugs/HttpExchange" type="simple" />
            <root url="jar:///usr/src/openjdk-17+35_src.zip!/openjdk/test/jdk/com/sun/net/httpserver/bugs/HttpExchange/jdk.httpserver" type="simple" />
            <root url="jar:///usr/src/openjdk-17+35_src.zip!/openjdk/test/jdk/com/sun/nio/sctp" type="simple" />
            <root url="jar:///usr/src/openjdk-17+35_src.zip!/openjdk/test/jdk/com/sun/nio/sctp/SctpChannel" type="simple" />
            <root url="jar:///usr/src/openjdk-17+35_src.zip!/openjdk/test/jdk/com/sun/nio/sctp/SctpMultiChannel" type="simple" />
            <root url="jar:///usr/src/openjdk-17+35_src.zip!/openjdk/test/jdk/com/sun/nio/sctp/SctpServerChannel" type="simple" />
            <root url="jar:///usr/src/openjdk-17+35_src.zip!/openjdk/test/jdk/com/sun/org/apache/xml/internal/security" type="simple" />
            <root url="jar:///usr/src/openjdk-17+35_src.zip!/openjdk/test/jdk/com/sun/org/apache/xml/internal/security/exceptions" type="simple" />
            <root url="jar:///usr/src/openjdk-17+35_src.zip!/openjdk/test/jdk/com/sun/org/apache/xml/internal/security/transforms" type="simple" />
            <root url="jar:///usr/src/openjdk-17+35_src.zip!/openjdk/test/jdk/com/sun/org/apache/xml/internal/security/utils/UnsyncByteArrayOutputStream" type="simple" />
            <root url="jar:///usr/src/openjdk-17+35_src.zip!/openjdk/test/jdk/com/sun/security/auth" type="simple" />
            <root url="jar:///usr/src/openjdk-17+35_src.zip!/openjdk/test/jdk/com/sun/security/auth/callback/TextCallbackHandler" type="simple" />
            <root url="jar:///usr/src/openjdk-17+35_src.zip!/openjdk/test/jdk/com/sun/security/auth/login/ConfigFile" type="simple" />
            <root url="jar:///usr/src/openjdk-17+35_src.zip!/openjdk/test/jdk/com/sun/security/auth/module" type="simple" />
            <root url="jar:///usr/src/openjdk-17+35_src.zip!/openjdk/test/jdk/com/sun/security/auth/module/LdapLoginModule" type="simple" />
            <root url="jar:///usr/src/openjdk-17+35_src.zip!/openjdk/test/jdk/com/sun/security/jgss" type="simple" />
            <root url="jar:///usr/src/openjdk-17+35_src.zip!/openjdk/test/jdk/com/sun/security/sasl" type="simple" />
            <root url="jar:///usr/src/openjdk-17+35_src.zip!/openjdk/test/jdk/com/sun/security/sasl/digest" type="simple" />
            <root url="jar:///usr/src/openjdk-17+35_src.zip!/openjdk/test/jdk/com/sun/security/sasl/gsskerb" type="simple" />
            <root url="jar:///usr/src/openjdk-17+35_src.zip!/openjdk/test/jdk/com/sun/security/sasl/ntlm" type="simple" />
            <root url="jar:///usr/src/openjdk-17+35_src.zip!/openjdk/test/jdk/com/sun/security/sasl/util" type="simple" />
            <root url="jar:///usr/src/openjdk-17+35_src.zip!/openjdk/test/jdk/com/sun/tools/attach" type="simple" />
            <root url="jar:///usr/src/openjdk-17+35_src.zip!/openjdk/test/jdk/com/sun/tools/attach/modules" type="simple" />
            <root url="jar:///usr/src/openjdk-17+35_src.zip!/openjdk/test/jdk/com/sun/tools/attach/modules/m" type="simple" />
            <root url="jar:///usr/src/openjdk-17+35_src.zip!/openjdk/test/jtreg-ext" type="simple" />
            <root url="jar:///usr/src/openjdk-17+35_src.zip!/openjdk/test/langtools/jdk/internal/shellsupport/doc" type="simple" />
            <root url="jar:///usr/src/openjdk-17+35_src.zip!/openjdk/test/langtools/jdk/javadoc/doclet/5093723" type="simple" />
            <root url="jar:///usr/src/openjdk-17+35_src.zip!/openjdk/test/langtools/jdk/javadoc/doclet/AccessAsciiArt" type="simple" />
            <root url="jar:///usr/src/openjdk-17+35_src.zip!/openjdk/test/langtools/jdk/javadoc/doclet/AccessH1" type="simple" />
            <root url="jar:///usr/src/openjdk-17+35_src.zip!/openjdk/test/langtools/jdk/javadoc/doclet/AccessSkipNav" type="simple" />
            <root url="jar:///usr/src/openjdk-17+35_src.zip!/openjdk/test/langtools/jdk/javadoc/doclet/AccessSummary" type="simple" />
            <root url="jar:///usr/src/openjdk-17+35_src.zip!/openjdk/test/langtools/jdk/javadoc/doclet/AuthorDD" type="simple" />
            <root url="jar:///usr/src/openjdk-17+35_src.zip!/openjdk/test/langtools/jdk/javadoc/doclet/DocRootSlash" type="simple" />
            <root url="jar:///usr/src/openjdk-17+35_src.zip!/openjdk/test/langtools/jdk/javadoc/doclet/InheritDocForUserTags" type="simple" />
            <root url="jar:///usr/src/openjdk-17+35_src.zip!/openjdk/test/langtools/jdk/javadoc/doclet/JavascriptWinTitle" type="simple" />
            <root url="jar:///usr/src/openjdk-17+35_src.zip!/openjdk/test/langtools/jdk/javadoc/doclet/MetaTag" type="simple" />
            <root url="jar:///usr/src/openjdk-17+35_src.zip!/openjdk/test/langtools/jdk/javadoc/doclet/T6735320" type="simple" />
            <root url="jar:///usr/src/openjdk-17+35_src.zip!/openjdk/test/langtools/jdk/javadoc/doclet/ValidHtml" type="simple" />
            <root url="jar:///usr/src/openjdk-17+35_src.zip!/openjdk/test/langtools/jdk/javadoc/doclet/VersionNumber" type="simple" />
            <root url="jar:///usr/src/openjdk-17+35_src.zip!/openjdk/test/langtools/jdk/javadoc/doclet/WindowTitles" type="simple" />
            <root url="jar:///usr/src/openjdk-17+35_src.zip!/openjdk/test/langtools/jdk/javadoc/doclet/checkStylesheetClasses" type="simple" />
            <root url="jar:///usr/src/openjdk-17+35_src.zip!/openjdk/test/langtools/jdk/javadoc/doclet/constantValues" type="simple" />
            <root url="jar:///usr/src/openjdk-17+35_src.zip!/openjdk/test/langtools/jdk/javadoc/doclet/dupThrowsTags" type="simple" />
            <root url="jar:///usr/src/openjdk-17+35_src.zip!/openjdk/test/langtools/jdk/javadoc/doclet/testAbsLinkPath" type="simple" />
            <root url="jar:///usr/src/openjdk-17+35_src.zip!/openjdk/test/langtools/jdk/javadoc/doclet/testAbstractMethod" type="simple" />
            <root url="jar:///usr/src/openjdk-17+35_src.zip!/openjdk/test/langtools/jdk/javadoc/doclet/testAnchorNames" type="simple" />
            <root url="jar:///usr/src/openjdk-17+35_src.zip!/openjdk/test/langtools/jdk/javadoc/doclet/testAnnotationOptional" type="simple" />
            <root url="jar:///usr/src/openjdk-17+35_src.zip!/openjdk/test/langtools/jdk/javadoc/doclet/testAnnotationTypes" type="simple" />
            <root url="jar:///usr/src/openjdk-17+35_src.zip!/openjdk/test/langtools/jdk/javadoc/doclet/testAuthor" type="simple" />
            <root url="jar:///usr/src/openjdk-17+35_src.zip!/openjdk/test/langtools/jdk/javadoc/doclet/testAutoLoadTaglets" type="simple" />
            <root url="jar:///usr/src/openjdk-17+35_src.zip!/openjdk/test/langtools/jdk/javadoc/doclet/testBackSlashInLink" type="simple" />
            <root url="jar:///usr/src/openjdk-17+35_src.zip!/openjdk/test/langtools/jdk/javadoc/doclet/testBadHtml" type="simple" />
            <root url="jar:///usr/src/openjdk-17+35_src.zip!/openjdk/test/langtools/jdk/javadoc/doclet/testBadPackageFileInJar" type="simple" />
            <root url="jar:///usr/src/openjdk-17+35_src.zip!/openjdk/test/langtools/jdk/javadoc/doclet/testBadSourceFile" type="simple" />
            <root url="jar:///usr/src/openjdk-17+35_src.zip!/openjdk/test/langtools/jdk/javadoc/doclet/testBaseClass" type="simple" />
            <root url="jar:///usr/src/openjdk-17+35_src.zip!/openjdk/test/langtools/jdk/javadoc/doclet/testBimodalTaglets" type="simple" />
            <root url="jar:///usr/src/openjdk-17+35_src.zip!/openjdk/test/langtools/jdk/javadoc/doclet/testBreakIterator" type="simple" />
            <root url="jar:///usr/src/openjdk-17+35_src.zip!/openjdk/test/langtools/jdk/javadoc/doclet/testCRLineSeparator" type="simple" />
            <root url="jar:///usr/src/openjdk-17+35_src.zip!/openjdk/test/langtools/jdk/javadoc/doclet/testCharset" type="simple" />
            <root url="jar:///usr/src/openjdk-17+35_src.zip!/openjdk/test/langtools/jdk/javadoc/doclet/testCharsetDocencodingOptions" type="simple" />
            <root url="jar:///usr/src/openjdk-17+35_src.zip!/openjdk/test/langtools/jdk/javadoc/doclet/testClassCrossReferences" type="simple" />
            <root url="jar:///usr/src/openjdk-17+35_src.zip!/openjdk/test/langtools/jdk/javadoc/doclet/testClassLinks" type="simple" />
            <root url="jar:///usr/src/openjdk-17+35_src.zip!/openjdk/test/langtools/jdk/javadoc/doclet/testClassTree" type="simple" />
            <root url="jar:///usr/src/openjdk-17+35_src.zip!/openjdk/test/langtools/jdk/javadoc/doclet/testCmndLineClass" type="simple" />
            <root url="jar:///usr/src/openjdk-17+35_src.zip!/openjdk/test/langtools/jdk/javadoc/doclet/testCompletionFailure" type="simple" />
            <root url="jar:///usr/src/openjdk-17+35_src.zip!/openjdk/test/langtools/jdk/javadoc/doclet/testConditionalPages" type="simple" />
            <root url="jar:///usr/src/openjdk-17+35_src.zip!/openjdk/test/langtools/jdk/javadoc/doclet/testConstantValuesPage" type="simple" />
            <root url="jar:///usr/src/openjdk-17+35_src.zip!/openjdk/test/langtools/jdk/javadoc/doclet/testConstructorIndent" type="simple" />
            <root url="jar:///usr/src/openjdk-17+35_src.zip!/openjdk/test/langtools/jdk/javadoc/doclet/testConstructors" type="simple" />
            <root url="jar:///usr/src/openjdk-17+35_src.zip!/openjdk/test/langtools/jdk/javadoc/doclet/testCopyFiles" type="simple" />
            <root url="jar:///usr/src/openjdk-17+35_src.zip!/openjdk/test/langtools/jdk/javadoc/doclet/testCopyFiles/modules/acme.mdle" type="simple" />
            <root url="jar:///usr/src/openjdk-17+35_src.zip!/openjdk/test/langtools/jdk/javadoc/doclet/testCopyFiles/modules/acme2.mdle" type="simple" />
            <root url="jar:///usr/src/openjdk-17+35_src.zip!/openjdk/test/langtools/jdk/javadoc/doclet/testCopyFiles/packages" type="simple" />
            <root url="jar:///usr/src/openjdk-17+35_src.zip!/openjdk/test/langtools/jdk/javadoc/doclet/testCopyFiles/unnamed" type="simple" />
            <root url="jar:///usr/src/openjdk-17+35_src.zip!/openjdk/test/langtools/jdk/javadoc/doclet/testDeprecatedDocs" type="simple" />
            <root url="jar:///usr/src/openjdk-17+35_src.zip!/openjdk/test/langtools/jdk/javadoc/doclet/testDiagsLineCaret" type="simple" />
            <root url="jar:///usr/src/openjdk-17+35_src.zip!/openjdk/test/langtools/jdk/javadoc/doclet/testDocEncoding" type="simple" />
            <root url="jar:///usr/src/openjdk-17+35_src.zip!/openjdk/test/langtools/jdk/javadoc/doclet/testDocErrorReporter" type="simple" />
            <root url="jar:///usr/src/openjdk-17+35_src.zip!/openjdk/test/langtools/jdk/javadoc/doclet/testDocFileDir" type="simple" />
            <root url="jar:///usr/src/openjdk-17+35_src.zip!/openjdk/test/langtools/jdk/javadoc/doclet/testDocFiles" type="simple" />
            <root url="jar:///usr/src/openjdk-17+35_src.zip!/openjdk/test/langtools/jdk/javadoc/doclet/testDocLintOption" type="simple" />
            <root url="jar:///usr/src/openjdk-17+35_src.zip!/openjdk/test/langtools/jdk/javadoc/doclet/testDocPaths" type="simple" />
            <root url="jar:///usr/src/openjdk-17+35_src.zip!/openjdk/test/langtools/jdk/javadoc/doclet/testDocRootInlineTag" type="simple" />
            <root url="jar:///usr/src/openjdk-17+35_src.zip!/openjdk/test/langtools/jdk/javadoc/doclet/testDocRootLink" type="simple" />
            <root url="jar:///usr/src/openjdk-17+35_src.zip!/openjdk/test/langtools/jdk/javadoc/doclet/testDupParamWarn" type="simple" />
            <root url="jar:///usr/src/openjdk-17+35_src.zip!/openjdk/test/langtools/jdk/javadoc/doclet/testEmptyClass" type="simple" />
            <root url="jar:///usr/src/openjdk-17+35_src.zip!/openjdk/test/langtools/jdk/javadoc/doclet/testEmptyClass/src" type="simple" />
            <root url="jar:///usr/src/openjdk-17+35_src.zip!/openjdk/test/langtools/jdk/javadoc/doclet/testEmptyInheritDoc" type="simple" />
            <root url="jar:///usr/src/openjdk-17+35_src.zip!/openjdk/test/langtools/jdk/javadoc/doclet/testEnclosingClass" type="simple" />
            <root url="jar:///usr/src/openjdk-17+35_src.zip!/openjdk/test/langtools/jdk/javadoc/doclet/testEncoding" type="simple" />
            <root url="jar:///usr/src/openjdk-17+35_src.zip!/openjdk/test/langtools/jdk/javadoc/doclet/testEnumConstructor" type="simple" />
            <root url="jar:///usr/src/openjdk-17+35_src.zip!/openjdk/test/langtools/jdk/javadoc/doclet/testExceptionInheritance" type="simple" />
            <root url="jar:///usr/src/openjdk-17+35_src.zip!/openjdk/test/langtools/jdk/javadoc/doclet/testExternalOverriddenMethod" type="simple" />
            <root url="jar:///usr/src/openjdk-17+35_src.zip!/openjdk/test/langtools/jdk/javadoc/doclet/testGeneratedBy" type="simple" />
            <root url="jar:///usr/src/openjdk-17+35_src.zip!/openjdk/test/langtools/jdk/javadoc/doclet/testGeneratedClasses" type="simple" />
            <root url="jar:///usr/src/openjdk-17+35_src.zip!/openjdk/test/langtools/jdk/javadoc/doclet/testGenericMethodLinkTaglet" type="simple" />
            <root url="jar:///usr/src/openjdk-17+35_src.zip!/openjdk/test/langtools/jdk/javadoc/doclet/testGenericTypeLink" type="simple" />
            <root url="jar:///usr/src/openjdk-17+35_src.zip!/openjdk/test/langtools/jdk/javadoc/doclet/testGrandParentTypes" type="simple" />
            <root url="jar:///usr/src/openjdk-17+35_src.zip!/openjdk/test/langtools/jdk/javadoc/doclet/testGroupName" type="simple" />
            <root url="jar:///usr/src/openjdk-17+35_src.zip!/openjdk/test/langtools/jdk/javadoc/doclet/testGroupOption" type="simple" />
            <root url="jar:///usr/src/openjdk-17+35_src.zip!/openjdk/test/langtools/jdk/javadoc/doclet/testHeadTag" type="simple" />
            <root url="jar:///usr/src/openjdk-17+35_src.zip!/openjdk/test/langtools/jdk/javadoc/doclet/testHeadings" type="simple" />
            <root url="jar:///usr/src/openjdk-17+35_src.zip!/openjdk/test/langtools/jdk/javadoc/doclet/testHelpFile" type="simple" />
            <root url="jar:///usr/src/openjdk-17+35_src.zip!/openjdk/test/langtools/jdk/javadoc/doclet/testHelpOption" type="simple" />
            <root url="jar:///usr/src/openjdk-17+35_src.zip!/openjdk/test/langtools/jdk/javadoc/doclet/testHelpPage" type="simple" />
            <root url="jar:///usr/src/openjdk-17+35_src.zip!/openjdk/test/langtools/jdk/javadoc/doclet/testHiddenMembers" type="simple" />
            <root url="jar:///usr/src/openjdk-17+35_src.zip!/openjdk/test/langtools/jdk/javadoc/doclet/testHiddenTag" type="simple" />
            <root url="jar:///usr/src/openjdk-17+35_src.zip!/openjdk/test/langtools/jdk/javadoc/doclet/testHref" type="simple" />
            <root url="jar:///usr/src/openjdk-17+35_src.zip!/openjdk/test/langtools/jdk/javadoc/doclet/testHrefInDocComment" type="simple" />
            <root url="jar:///usr/src/openjdk-17+35_src.zip!/openjdk/test/langtools/jdk/javadoc/doclet/testHtml4Removal" type="simple" />
            <root url="jar:///usr/src/openjdk-17+35_src.zip!/openjdk/test/langtools/jdk/javadoc/doclet/testHtmlComments" type="simple" />
            <root url="jar:///usr/src/openjdk-17+35_src.zip!/openjdk/test/langtools/jdk/javadoc/doclet/testHtmlDefinitionListTag" type="simple" />
            <root url="jar:///usr/src/openjdk-17+35_src.zip!/openjdk/test/langtools/jdk/javadoc/doclet/testHtmlDocument" type="simple" />
            <root url="jar:///usr/src/openjdk-17+35_src.zip!/openjdk/test/langtools/jdk/javadoc/doclet/testHtmlLandmarkRegions" type="simple" />
            <root url="jar:///usr/src/openjdk-17+35_src.zip!/openjdk/test/langtools/jdk/javadoc/doclet/testHtmlStrongTag" type="simple" />
            <root url="jar:///usr/src/openjdk-17+35_src.zip!/openjdk/test/langtools/jdk/javadoc/doclet/testHtmlTableStyles" type="simple" />
            <root url="jar:///usr/src/openjdk-17+35_src.zip!/openjdk/test/langtools/jdk/javadoc/doclet/testHtmlTableTags" type="simple" />
            <root url="jar:///usr/src/openjdk-17+35_src.zip!/openjdk/test/langtools/jdk/javadoc/doclet/testHtmlTag" type="simple" />
            <root url="jar:///usr/src/openjdk-17+35_src.zip!/openjdk/test/langtools/jdk/javadoc/doclet/testHtmlVersion" type="simple" />
            <root url="jar:///usr/src/openjdk-17+35_src.zip!/openjdk/test/langtools/jdk/javadoc/doclet/testIOException" type="simple" />
            <root url="jar:///usr/src/openjdk-17+35_src.zip!/openjdk/test/langtools/jdk/javadoc/doclet/testIncluded" type="simple" />
            <root url="jar:///usr/src/openjdk-17+35_src.zip!/openjdk/test/langtools/jdk/javadoc/doclet/testIndentation" type="simple" />
            <root url="jar:///usr/src/openjdk-17+35_src.zip!/openjdk/test/langtools/jdk/javadoc/doclet/testIndex" type="simple" />
            <root url="jar:///usr/src/openjdk-17+35_src.zip!/openjdk/test/langtools/jdk/javadoc/doclet/testIndexFiles" type="simple" />
            <root url="jar:///usr/src/openjdk-17+35_src.zip!/openjdk/test/langtools/jdk/javadoc/doclet/testIndexInDocFiles" type="simple" />
            <root url="jar:///usr/src/openjdk-17+35_src.zip!/openjdk/test/langtools/jdk/javadoc/doclet/testIndexInPackageFiles" type="simple" />
            <root url="jar:///usr/src/openjdk-17+35_src.zip!/openjdk/test/langtools/jdk/javadoc/doclet/testIndexTaglet" type="simple" />
            <root url="jar:///usr/src/openjdk-17+35_src.zip!/openjdk/test/langtools/jdk/javadoc/doclet/testIndexWithModules" type="simple" />
            <root url="jar:///usr/src/openjdk-17+35_src.zip!/openjdk/test/langtools/jdk/javadoc/doclet/testInherited" type="simple" />
            <root url="jar:///usr/src/openjdk-17+35_src.zip!/openjdk/test/langtools/jdk/javadoc/doclet/testInlineLinkLabel" type="simple" />
            <root url="jar:///usr/src/openjdk-17+35_src.zip!/openjdk/test/langtools/jdk/javadoc/doclet/testInterface" type="simple" />
            <root url="jar:///usr/src/openjdk-17+35_src.zip!/openjdk/test/langtools/jdk/javadoc/doclet/testJavaFX" type="simple" />
            <root url="jar:///usr/src/openjdk-17+35_src.zip!/openjdk/test/langtools/jdk/javadoc/doclet/testJavaPackage" type="simple" />
            <root url="jar:///usr/src/openjdk-17+35_src.zip!/openjdk/test/langtools/jdk/javadoc/doclet/testJavascript" type="simple" />
            <root url="jar:///usr/src/openjdk-17+35_src.zip!/openjdk/test/langtools/jdk/javadoc/doclet/testLambdaFeature" type="simple" />
            <root url="jar:///usr/src/openjdk-17+35_src.zip!/openjdk/test/langtools/jdk/javadoc/doclet/testLeadingSpaces" type="simple" />
            <root url="jar:///usr/src/openjdk-17+35_src.zip!/openjdk/test/langtools/jdk/javadoc/doclet/testLegacyTaglet" type="simple" />
            <root url="jar:///usr/src/openjdk-17+35_src.zip!/openjdk/test/langtools/jdk/javadoc/doclet/testLegalNotices" type="simple" />
            <root url="jar:///usr/src/openjdk-17+35_src.zip!/openjdk/test/langtools/jdk/javadoc/doclet/testLinkOption" type="simple" />
            <root url="jar:///usr/src/openjdk-17+35_src.zip!/openjdk/test/langtools/jdk/javadoc/doclet/testLinkPlatform" type="simple" />
            <root url="jar:///usr/src/openjdk-17+35_src.zip!/openjdk/test/langtools/jdk/javadoc/doclet/testLinkTaglet" type="simple" />
            <root url="jar:///usr/src/openjdk-17+35_src.zip!/openjdk/test/langtools/jdk/javadoc/doclet/testLinkToSerialForm" type="simple" />
            <root url="jar:///usr/src/openjdk-17+35_src.zip!/openjdk/test/langtools/jdk/javadoc/doclet/testLinksWithNoDeprecatedOption" type="simple" />
            <root url="jar:///usr/src/openjdk-17+35_src.zip!/openjdk/test/langtools/jdk/javadoc/doclet/testLists" type="simple" />
            <root url="jar:///usr/src/openjdk-17+35_src.zip!/openjdk/test/langtools/jdk/javadoc/doclet/testLiteralCodeInPre" type="simple" />
            <root url="jar:///usr/src/openjdk-17+35_src.zip!/openjdk/test/langtools/jdk/javadoc/doclet/testMemberInheritance" type="simple" />
            <root url="jar:///usr/src/openjdk-17+35_src.zip!/openjdk/test/langtools/jdk/javadoc/doclet/testMemberSummary" type="simple" />
            <root url="jar:///usr/src/openjdk-17+35_src.zip!/openjdk/test/langtools/jdk/javadoc/doclet/testMetadata" type="simple" />
            <root url="jar:///usr/src/openjdk-17+35_src.zip!/openjdk/test/langtools/jdk/javadoc/doclet/testMethodId" type="simple" />
            <root url="jar:///usr/src/openjdk-17+35_src.zip!/openjdk/test/langtools/jdk/javadoc/doclet/testMethodSignature" type="simple" />
            <root url="jar:///usr/src/openjdk-17+35_src.zip!/openjdk/test/langtools/jdk/javadoc/doclet/testMethodTypes" type="simple" />
            <root url="jar:///usr/src/openjdk-17+35_src.zip!/openjdk/test/langtools/jdk/javadoc/doclet/testMissingComment" type="simple" />
            <root url="jar:///usr/src/openjdk-17+35_src.zip!/openjdk/test/langtools/jdk/javadoc/doclet/testMissingType" type="simple" />
            <root url="jar:///usr/src/openjdk-17+35_src.zip!/openjdk/test/langtools/jdk/javadoc/doclet/testModifierEx" type="simple" />
            <root url="jar:///usr/src/openjdk-17+35_src.zip!/openjdk/test/langtools/jdk/javadoc/doclet/testModuleDirs" type="simple" />
            <root url="jar:///usr/src/openjdk-17+35_src.zip!/openjdk/test/langtools/jdk/javadoc/doclet/testModuleSpecificStylesheet" type="simple" />
            <root url="jar:///usr/src/openjdk-17+35_src.zip!/openjdk/test/langtools/jdk/javadoc/doclet/testModules" type="simple" />
            <root url="jar:///usr/src/openjdk-17+35_src.zip!/openjdk/test/langtools/jdk/javadoc/doclet/testModules/moduleA" type="simple" />
            <root url="jar:///usr/src/openjdk-17+35_src.zip!/openjdk/test/langtools/jdk/javadoc/doclet/testModules/moduleB" type="simple" />
            <root url="jar:///usr/src/openjdk-17+35_src.zip!/openjdk/test/langtools/jdk/javadoc/doclet/testModules/moduleC" type="simple" />
            <root url="jar:///usr/src/openjdk-17+35_src.zip!/openjdk/test/langtools/jdk/javadoc/doclet/testModules/moduleNoExport" type="simple" />
            <root url="jar:///usr/src/openjdk-17+35_src.zip!/openjdk/test/langtools/jdk/javadoc/doclet/testModules/moduletags" type="simple" />
            <root url="jar:///usr/src/openjdk-17+35_src.zip!/openjdk/test/langtools/jdk/javadoc/doclet/testNavigation" type="simple" />
            <root url="jar:///usr/src/openjdk-17+35_src.zip!/openjdk/test/langtools/jdk/javadoc/doclet/testNestedClasses" type="simple" />
            <root url="jar:///usr/src/openjdk-17+35_src.zip!/openjdk/test/langtools/jdk/javadoc/doclet/testNestedGenerics" type="simple" />
            <root url="jar:///usr/src/openjdk-17+35_src.zip!/openjdk/test/langtools/jdk/javadoc/doclet/testNestedInlineTags" type="simple" />
            <root url="jar:///usr/src/openjdk-17+35_src.zip!/openjdk/test/langtools/jdk/javadoc/doclet/testNewApiList" type="simple" />
            <root url="jar:///usr/src/openjdk-17+35_src.zip!/openjdk/test/langtools/jdk/javadoc/doclet/testNewApiList/mdl" type="simple" />
            <root url="jar:///usr/src/openjdk-17+35_src.zip!/openjdk/test/langtools/jdk/javadoc/doclet/testNewLanguageFeatures" type="simple" />
            <root url="jar:///usr/src/openjdk-17+35_src.zip!/openjdk/test/langtools/jdk/javadoc/doclet/testNoFrames" type="simple" />
            <root url="jar:///usr/src/openjdk-17+35_src.zip!/openjdk/test/langtools/jdk/javadoc/doclet/testNoPackagesFile" type="simple" />
            <root url="jar:///usr/src/openjdk-17+35_src.zip!/openjdk/test/langtools/jdk/javadoc/doclet/testNonInlineHtmlTagRemoval" type="simple" />
            <root url="jar:///usr/src/openjdk-17+35_src.zip!/openjdk/test/langtools/jdk/javadoc/doclet/testNotifications" type="simple" />
            <root url="jar:///usr/src/openjdk-17+35_src.zip!/openjdk/test/langtools/jdk/javadoc/doclet/testOptions" type="simple" />
            <root url="jar:///usr/src/openjdk-17+35_src.zip!/openjdk/test/langtools/jdk/javadoc/doclet/testOrdering" type="simple" />
            <root url="jar:///usr/src/openjdk-17+35_src.zip!/openjdk/test/langtools/jdk/javadoc/doclet/testOverriddenMethods" type="simple" />
            <root url="jar:///usr/src/openjdk-17+35_src.zip!/openjdk/test/langtools/jdk/javadoc/doclet/testOverview" type="simple" />
            <root url="jar:///usr/src/openjdk-17+35_src.zip!/openjdk/test/langtools/jdk/javadoc/doclet/testOverview/msrc" type="simple" />
            <root url="jar:///usr/src/openjdk-17+35_src.zip!/openjdk/test/langtools/jdk/javadoc/doclet/testOverview/src" type="simple" />
            <root url="jar:///usr/src/openjdk-17+35_src.zip!/openjdk/test/langtools/jdk/javadoc/doclet/testPackageAnnotation" type="simple" />
            <root url="jar:///usr/src/openjdk-17+35_src.zip!/openjdk/test/langtools/jdk/javadoc/doclet/testPackageDeprecation" type="simple" />
            <root url="jar:///usr/src/openjdk-17+35_src.zip!/openjdk/test/langtools/jdk/javadoc/doclet/testPackageDescription" type="simple" />
            <root url="jar:///usr/src/openjdk-17+35_src.zip!/openjdk/test/langtools/jdk/javadoc/doclet/testPackageHtml" type="simple" />
            <root url="jar:///usr/src/openjdk-17+35_src.zip!/openjdk/test/langtools/jdk/javadoc/doclet/testPackagePage" type="simple" />
            <root url="jar:///usr/src/openjdk-17+35_src.zip!/openjdk/test/langtools/jdk/javadoc/doclet/testPackageSpecificStylesheet" type="simple" />
            <root url="jar:///usr/src/openjdk-17+35_src.zip!/openjdk/test/langtools/jdk/javadoc/doclet/testPackageSummary" type="simple" />
            <root url="jar:///usr/src/openjdk-17+35_src.zip!/openjdk/test/langtools/jdk/javadoc/doclet/testParamTaglet" type="simple" />
            <root url="jar:///usr/src/openjdk-17+35_src.zip!/openjdk/test/langtools/jdk/javadoc/doclet/testPreview" type="simple" />
            <root url="jar:///usr/src/openjdk-17+35_src.zip!/openjdk/test/langtools/jdk/javadoc/doclet/testPreview/api" type="simple" />
            <root url="jar:///usr/src/openjdk-17+35_src.zip!/openjdk/test/langtools/jdk/javadoc/doclet/testPreview/m" type="simple" />
            <root url="jar:///usr/src/openjdk-17+35_src.zip!/openjdk/test/langtools/jdk/javadoc/doclet/testPrivateClasses" type="simple" />
            <root url="jar:///usr/src/openjdk-17+35_src.zip!/openjdk/test/langtools/jdk/javadoc/doclet/testProperty" type="simple" />
            <root url="jar:///usr/src/openjdk-17+35_src.zip!/openjdk/test/langtools/jdk/javadoc/doclet/testRecordLinks" type="simple" />
            <root url="jar:///usr/src/openjdk-17+35_src.zip!/openjdk/test/langtools/jdk/javadoc/doclet/testRecordTypes" type="simple" />
            <root url="jar:///usr/src/openjdk-17+35_src.zip!/openjdk/test/langtools/jdk/javadoc/doclet/testRecurseSubPackages" type="simple" />
            <root url="jar:///usr/src/openjdk-17+35_src.zip!/openjdk/test/langtools/jdk/javadoc/doclet/testRelatedPackages" type="simple" />
            <root url="jar:///usr/src/openjdk-17+35_src.zip!/openjdk/test/langtools/jdk/javadoc/doclet/testRelativeLinks" type="simple" />
            <root url="jar:///usr/src/openjdk-17+35_src.zip!/openjdk/test/langtools/jdk/javadoc/doclet/testRepeatedAnnotations" type="simple" />
            <root url="jar:///usr/src/openjdk-17+35_src.zip!/openjdk/test/langtools/jdk/javadoc/doclet/testReporterStreams" type="simple" />
            <root url="jar:///usr/src/openjdk-17+35_src.zip!/openjdk/test/langtools/jdk/javadoc/doclet/testReturnTag" type="simple" />
            <root url="jar:///usr/src/openjdk-17+35_src.zip!/openjdk/test/langtools/jdk/javadoc/doclet/testSealedTypes" type="simple" />
            <root url="jar:///usr/src/openjdk-17+35_src.zip!/openjdk/test/langtools/jdk/javadoc/doclet/testSearch" type="simple" />
            <root url="jar:///usr/src/openjdk-17+35_src.zip!/openjdk/test/langtools/jdk/javadoc/doclet/testSearchScript" type="simple" />
            <root url="jar:///usr/src/openjdk-17+35_src.zip!/openjdk/test/langtools/jdk/javadoc/doclet/testSeeTag" type="simple" />
            <root url="jar:///usr/src/openjdk-17+35_src.zip!/openjdk/test/langtools/jdk/javadoc/doclet/testSerialMissing" type="simple" />
            <root url="jar:///usr/src/openjdk-17+35_src.zip!/openjdk/test/langtools/jdk/javadoc/doclet/testSerialTag" type="simple" />
            <root url="jar:///usr/src/openjdk-17+35_src.zip!/openjdk/test/langtools/jdk/javadoc/doclet/testSerialVersionUID" type="simple" />
            <root url="jar:///usr/src/openjdk-17+35_src.zip!/openjdk/test/langtools/jdk/javadoc/doclet/testSerializedForm" type="simple" />
            <root url="jar:///usr/src/openjdk-17+35_src.zip!/openjdk/test/langtools/jdk/javadoc/doclet/testSerializedFormDeprecationInfo" type="simple" />
            <root url="jar:///usr/src/openjdk-17+35_src.zip!/openjdk/test/langtools/jdk/javadoc/doclet/testSerializedFormWithClassFile" type="simple" />
            <root url="jar:///usr/src/openjdk-17+35_src.zip!/openjdk/test/langtools/jdk/javadoc/doclet/testSerializedFormWithSee" type="simple" />
            <root url="jar:///usr/src/openjdk-17+35_src.zip!/openjdk/test/langtools/jdk/javadoc/doclet/testSimpleTag" type="simple" />
            <root url="jar:///usr/src/openjdk-17+35_src.zip!/openjdk/test/langtools/jdk/javadoc/doclet/testSimpleTagExclude" type="simple" />
            <root url="jar:///usr/src/openjdk-17+35_src.zip!/openjdk/test/langtools/jdk/javadoc/doclet/testSimpleTagInherit" type="simple" />
            <root url="jar:///usr/src/openjdk-17+35_src.zip!/openjdk/test/langtools/jdk/javadoc/doclet/testSinceTag" type="simple" />
            <root url="jar:///usr/src/openjdk-17+35_src.zip!/openjdk/test/langtools/jdk/javadoc/doclet/testSingleQuotedLink" type="simple" />
            <root url="jar:///usr/src/openjdk-17+35_src.zip!/openjdk/test/langtools/jdk/javadoc/doclet/testSingletonLists" type="simple" />
            <root url="jar:///usr/src/openjdk-17+35_src.zip!/openjdk/test/langtools/jdk/javadoc/doclet/testSourceTab" type="simple" />
            <root url="jar:///usr/src/openjdk-17+35_src.zip!/openjdk/test/langtools/jdk/javadoc/doclet/testSourceTab/DoubleTab" type="simple" />
            <root url="jar:///usr/src/openjdk-17+35_src.zip!/openjdk/test/langtools/jdk/javadoc/doclet/testSourceTab/SingleTab" type="simple" />
            <root url="jar:///usr/src/openjdk-17+35_src.zip!/openjdk/test/langtools/jdk/javadoc/doclet/testStylesheet" type="simple" />
            <root url="jar:///usr/src/openjdk-17+35_src.zip!/openjdk/test/langtools/jdk/javadoc/doclet/testStylesheetOverwrite" type="simple" />
            <root url="jar:///usr/src/openjdk-17+35_src.zip!/openjdk/test/langtools/jdk/javadoc/doclet/testSubTitle" type="simple" />
            <root url="jar:///usr/src/openjdk-17+35_src.zip!/openjdk/test/langtools/jdk/javadoc/doclet/testSummaryHeading" type="simple" />
            <root url="jar:///usr/src/openjdk-17+35_src.zip!/openjdk/test/langtools/jdk/javadoc/doclet/testSummaryTag" type="simple" />
            <root url="jar:///usr/src/openjdk-17+35_src.zip!/openjdk/test/langtools/jdk/javadoc/doclet/testSuperclassInSerialForm" type="simple" />
            <root url="jar:///usr/src/openjdk-17+35_src.zip!/openjdk/test/langtools/jdk/javadoc/doclet/testSupplementary" type="simple" />
            <root url="jar:///usr/src/openjdk-17+35_src.zip!/openjdk/test/langtools/jdk/javadoc/doclet/testSystemPropertyPage" type="simple" />
            <root url="jar:///usr/src/openjdk-17+35_src.zip!/openjdk/test/langtools/jdk/javadoc/doclet/testSystemPropertyPage/src1" type="simple" />
            <root url="jar:///usr/src/openjdk-17+35_src.zip!/openjdk/test/langtools/jdk/javadoc/doclet/testSystemPropertyPage/src2" type="simple" />
            <root url="jar:///usr/src/openjdk-17+35_src.zip!/openjdk/test/langtools/jdk/javadoc/doclet/testSystemPropertyTaglet" type="simple" />
            <root url="jar:///usr/src/openjdk-17+35_src.zip!/openjdk/test/langtools/jdk/javadoc/doclet/testSystemPropertyTaglet/mymodule" type="simple" />
            <root url="jar:///usr/src/openjdk-17+35_src.zip!/openjdk/test/langtools/jdk/javadoc/doclet/testTagInheritence" type="simple" />
            <root url="jar:///usr/src/openjdk-17+35_src.zip!/openjdk/test/langtools/jdk/javadoc/doclet/testTagMisuse" type="simple" />
            <root url="jar:///usr/src/openjdk-17+35_src.zip!/openjdk/test/langtools/jdk/javadoc/doclet/testTagOrder" type="simple" />
            <root url="jar:///usr/src/openjdk-17+35_src.zip!/openjdk/test/langtools/jdk/javadoc/doclet/testTagOutput" type="simple" />
            <root url="jar:///usr/src/openjdk-17+35_src.zip!/openjdk/test/langtools/jdk/javadoc/doclet/testTaglets" type="simple" />
            <root url="jar:///usr/src/openjdk-17+35_src.zip!/openjdk/test/langtools/jdk/javadoc/doclet/testTerminology" type="simple" />
            <root url="jar:///usr/src/openjdk-17+35_src.zip!/openjdk/test/langtools/jdk/javadoc/doclet/testThrows" type="simple" />
            <root url="jar:///usr/src/openjdk-17+35_src.zip!/openjdk/test/langtools/jdk/javadoc/doclet/testThrowsHead" type="simple" />
            <root url="jar:///usr/src/openjdk-17+35_src.zip!/openjdk/test/langtools/jdk/javadoc/doclet/testThrowsInheritence" type="simple" />
            <root url="jar:///usr/src/openjdk-17+35_src.zip!/openjdk/test/langtools/jdk/javadoc/doclet/testThrowsTag" type="simple" />
            <root url="jar:///usr/src/openjdk-17+35_src.zip!/openjdk/test/langtools/jdk/javadoc/doclet/testTitleInHref" type="simple" />
            <root url="jar:///usr/src/openjdk-17+35_src.zip!/openjdk/test/langtools/jdk/javadoc/doclet/testTopOption" type="simple" />
            <root url="jar:///usr/src/openjdk-17+35_src.zip!/openjdk/test/langtools/jdk/javadoc/doclet/testTypeAnnotations" type="simple" />
            <root url="jar:///usr/src/openjdk-17+35_src.zip!/openjdk/test/langtools/jdk/javadoc/doclet/testTypeParams" type="simple" />
            <root url="jar:///usr/src/openjdk-17+35_src.zip!/openjdk/test/langtools/jdk/javadoc/doclet/testTypeVariableLinks" type="simple" />
            <root url="jar:///usr/src/openjdk-17+35_src.zip!/openjdk/test/langtools/jdk/javadoc/doclet/testUnicode" type="simple" />
            <root url="jar:///usr/src/openjdk-17+35_src.zip!/openjdk/test/langtools/jdk/javadoc/doclet/testUnnamedPackage" type="simple" />
            <root url="jar:///usr/src/openjdk-17+35_src.zip!/openjdk/test/langtools/jdk/javadoc/doclet/testUnnamedPackage/src1" type="simple" />
            <root url="jar:///usr/src/openjdk-17+35_src.zip!/openjdk/test/langtools/jdk/javadoc/doclet/testUnnamedPackage/src2" type="simple" />
            <root url="jar:///usr/src/openjdk-17+35_src.zip!/openjdk/test/langtools/jdk/javadoc/doclet/testUseOption" type="simple" />
            <root url="jar:///usr/src/openjdk-17+35_src.zip!/openjdk/test/langtools/jdk/javadoc/doclet/testUserTaglet" type="simple" />
            <root url="jar:///usr/src/openjdk-17+35_src.zip!/openjdk/test/langtools/jdk/javadoc/doclet/testValueTag" type="simple" />
            <root url="jar:///usr/src/openjdk-17+35_src.zip!/openjdk/test/langtools/jdk/javadoc/doclet/testVersionOption" type="simple" />
            <root url="jar:///usr/src/openjdk-17+35_src.zip!/openjdk/test/langtools/jdk/javadoc/doclet/testVersionTag" type="simple" />
            <root url="jar:///usr/src/openjdk-17+35_src.zip!/openjdk/test/langtools/jdk/javadoc/doclet/testVisibleMembers" type="simple" />
            <root url="jar:///usr/src/openjdk-17+35_src.zip!/openjdk/test/langtools/jdk/javadoc/doclet/testVoidHtmlElements" type="simple" />
            <root url="jar:///usr/src/openjdk-17+35_src.zip!/openjdk/test/langtools/jdk/javadoc/doclet/testWarnBadParamNames" type="simple" />
            <root url="jar:///usr/src/openjdk-17+35_src.zip!/openjdk/test/langtools/jdk/javadoc/doclet/testWarnings" type="simple" />
            <root url="jar:///usr/src/openjdk-17+35_src.zip!/openjdk/test/langtools/jdk/javadoc/doclet/testXOption" type="simple" />
            <root url="jar:///usr/src/openjdk-17+35_src.zip!/openjdk/test/langtools/jdk/javadoc/doclet/typeAnnotations/smoke" type="simple" />
            <root url="jar:///usr/src/openjdk-17+35_src.zip!/openjdk/test/langtools/jdk/javadoc/lib" type="simple" />
            <root url="jar:///usr/src/openjdk-17+35_src.zip!/openjdk/test/langtools/jdk/javadoc/tool" type="simple" />
            <root url="jar:///usr/src/openjdk-17+35_src.zip!/openjdk/test/langtools/jdk/javadoc/tool/6227454" type="simple" />
            <root url="jar:///usr/src/openjdk-17+35_src.zip!/openjdk/test/langtools/jdk/javadoc/tool/6942366" type="simple" />
            <root url="jar:///usr/src/openjdk-17+35_src.zip!/openjdk/test/langtools/jdk/javadoc/tool/6958836" type="simple" />
            <root url="jar:///usr/src/openjdk-17+35_src.zip!/openjdk/test/langtools/jdk/javadoc/tool/6964914" type="simple" />
            <root url="jar:///usr/src/openjdk-17+35_src.zip!/openjdk/test/langtools/jdk/javadoc/tool/8025693" type="simple" />
            <root url="jar:///usr/src/openjdk-17+35_src.zip!/openjdk/test/langtools/jdk/javadoc/tool/8224612" type="simple" />
            <root url="jar:///usr/src/openjdk-17+35_src.zip!/openjdk/test/langtools/jdk/javadoc/tool/8224613" type="simple" />
            <root url="jar:///usr/src/openjdk-17+35_src.zip!/openjdk/test/langtools/jdk/javadoc/tool/T4994049" type="simple" />
            <root url="jar:///usr/src/openjdk-17+35_src.zip!/openjdk/test/langtools/jdk/javadoc/tool/api" type="simple" />
            <root url="jar:///usr/src/openjdk-17+35_src.zip!/openjdk/test/langtools/jdk/javadoc/tool/api/basic" type="simple" />
            <root url="jar:///usr/src/openjdk-17+35_src.zip!/openjdk/test/langtools/jdk/javadoc/tool/badSuper" type="simple" />
            <root url="jar:///usr/src/openjdk-17+35_src.zip!/openjdk/test/langtools/jdk/javadoc/tool/doclint" type="simple" />
            <root url="jar:///usr/src/openjdk-17+35_src.zip!/openjdk/test/langtools/jdk/javadoc/tool/dupOk" type="simple" />
            <root url="jar:///usr/src/openjdk-17+35_src.zip!/openjdk/test/langtools/jdk/javadoc/tool/dupOk/sp1" type="simple" />
            <root url="jar:///usr/src/openjdk-17+35_src.zip!/openjdk/test/langtools/jdk/javadoc/tool/dupOk/sp2" type="simple" />
            <root url="jar:///usr/src/openjdk-17+35_src.zip!/openjdk/test/langtools/jdk/javadoc/tool/enum/docComments" type="simple" />
            <root url="jar:///usr/src/openjdk-17+35_src.zip!/openjdk/test/langtools/jdk/javadoc/tool/enum/enumType" type="simple" />
            <root url="jar:///usr/src/openjdk-17+35_src.zip!/openjdk/test/langtools/jdk/javadoc/tool/example" type="simple" />
            <root url="jar:///usr/src/openjdk-17+35_src.zip!/openjdk/test/langtools/jdk/javadoc/tool/modules" type="simple" />
            <root url="jar:///usr/src/openjdk-17+35_src.zip!/openjdk/test/langtools/jdk/javadoc/tool/parser/7091528" type="simple" />
            <root url="jar:///usr/src/openjdk-17+35_src.zip!/openjdk/test/langtools/jdk/javadoc/tool/sampleapi" type="simple" />
            <root url="jar:///usr/src/openjdk-17+35_src.zip!/openjdk/test/langtools/jdk/javadoc/tool/sampleapi/lib" type="simple" />
            <root url="jar:///usr/src/openjdk-17+35_src.zip!/openjdk/test/langtools/jdk/javadoc/tool/sourceOnly" type="simple" />
            <root url="jar:///usr/src/openjdk-17+35_src.zip!/openjdk/test/langtools/jdk/javadoc/tool/treeapi" type="simple" />
            <root url="jar:///usr/src/openjdk-17+35_src.zip!/openjdk/test/langtools/jdk/javadoc/tool/varArgs" type="simple" />
            <root url="jar:///usr/src/openjdk-17+35_src.zip!/openjdk/test/langtools/jdk/jshell" type="simple" />
            <root url="jar:///usr/src/openjdk-17+35_src.zip!/openjdk/test/langtools/jdk/jshell/T8146368" type="simple" />
            <root url="jar:///usr/src/openjdk-17+35_src.zip!/openjdk/test/langtools/lib/annotations" type="simple" />
            <root url="jar:///usr/src/openjdk-17+35_src.zip!/openjdk/test/langtools/lib/combo" type="simple" />
            <root url="jar:///usr/src/openjdk-17+35_src.zip!/openjdk/test/langtools/tools/all" type="simple" />
            <root url="jar:///usr/src/openjdk-17+35_src.zip!/openjdk/test/langtools/tools/doclint" type="simple" />
            <root url="jar:///usr/src/openjdk-17+35_src.zip!/openjdk/test/langtools/tools/doclint/anchorTests" type="simple" />
            <root url="jar:///usr/src/openjdk-17+35_src.zip!/openjdk/test/langtools/tools/doclint/html" type="simple" />
            <root url="jar:///usr/src/openjdk-17+35_src.zip!/openjdk/test/langtools/tools/doclint/tidy" type="simple" />
            <root url="jar:///usr/src/openjdk-17+35_src.zip!/openjdk/test/langtools/tools/doclint/tool" type="simple" />
            <root url="jar:///usr/src/openjdk-17+35_src.zip!/openjdk/test/langtools/tools/javac" type="simple" />
            <root url="jar:///usr/src/openjdk-17+35_src.zip!/openjdk/test/langtools/tools/javap" type="simple" />
            <root url="jar:///usr/src/openjdk-17+35_src.zip!/openjdk/test/langtools/tools/javap/4111861" type="simple" />
            <root url="jar:///usr/src/openjdk-17+35_src.zip!/openjdk/test/langtools/tools/javap/4798312" type="simple" />
            <root url="jar:///usr/src/openjdk-17+35_src.zip!/openjdk/test/langtools/tools/javap/4866831" type="simple" />
            <root url="jar:///usr/src/openjdk-17+35_src.zip!/openjdk/test/langtools/tools/javap/4870651" type="simple" />
            <root url="jar:///usr/src/openjdk-17+35_src.zip!/openjdk/test/langtools/tools/javap/6937244" type="simple" />
            <root url="jar:///usr/src/openjdk-17+35_src.zip!/openjdk/test/langtools/tools/javap/8006334" type="simple" />
            <root url="jar:///usr/src/openjdk-17+35_src.zip!/openjdk/test/langtools/tools/javap/8007907" type="simple" />
            <root url="jar:///usr/src/openjdk-17+35_src.zip!/openjdk/test/langtools/tools/javap/8244573" type="simple" />
            <root url="jar:///usr/src/openjdk-17+35_src.zip!/openjdk/test/langtools/tools/javap/8260403" type="simple" />
            <root url="jar:///usr/src/openjdk-17+35_src.zip!/openjdk/test/langtools/tools/javap/classfile" type="simple" />
            <root url="jar:///usr/src/openjdk-17+35_src.zip!/openjdk/test/langtools/tools/javap/classfile/6888367" type="simple" />
            <root url="jar:///usr/src/openjdk-17+35_src.zip!/openjdk/test/langtools/tools/javap/classfile/deps" type="simple" />
            <root url="jar:///usr/src/openjdk-17+35_src.zip!/openjdk/test/langtools/tools/javap/output" type="simple" />
            <root url="jar:///usr/src/openjdk-17+35_src.zip!/openjdk/test/langtools/tools/javap/stackmap" type="simple" />
            <root url="jar:///usr/src/openjdk-17+35_src.zip!/openjdk/test/langtools/tools/jdeprscan/cases" type="simple" />
            <root url="jar:///usr/src/openjdk-17+35_src.zip!/openjdk/test/langtools/tools/jdeprscan/tests" type="simple" />
            <root url="jar:///usr/src/openjdk-17+35_src.zip!/openjdk/test/langtools/tools/jdeps" type="simple" />
            <root url="jar:///usr/src/openjdk-17+35_src.zip!/openjdk/test/langtools/tools/lib" type="simple" />
            <root url="jar:///usr/src/openjdk-17+35_src.zip!/openjdk/test/langtools/tools/lib/types" type="simple" />
            <root url="jar:///usr/src/openjdk-17+35_src.zip!/openjdk/test/langtools/tools/sjavac" type="simple" />
            <root url="jar:///usr/src/openjdk-17+35_src.zip!/openjdk/test/lib" type="simple" />
            <root url="jar:///usr/src/openjdk-17+35_src.zip!/openjdk/test/lib-test" type="simple" />
            <root url="jar:///usr/src/openjdk-17+35_src.zip!/openjdk/test/micro" type="simple" />
          </root>
        </sourcePath>
      </roots>
      <additional />
    </jdk>
  </component>
</application>