<code_scheme name="Default" version="173">
  <MySQLCodeStyleSettings version="6">
    <option name="USE_GENERAL_STYLE" value="false" />
    <option name="KEYWORD_CASE" value="1" />
    <option name="IDENTIFIER_CASE" value="1" />
    <option name="TYPE_CASE" value="1" />
    <option name="CUSTOM_TYPE_CASE" value="1" />
    <option name="ALIAS_CASE" value="1" />
    <option name="BUILT_IN_CASE" value="1" />
    <option name="QUOTED_IDENTIFIER_CASE" value="1" />
    <option name="ORIGINAL_CASE" value="true" />
  </MySQLCodeStyleSettings>
  <codeStyleSettings language="Groovy">
    <option name="KEEP_FIRST_COLUMN_COMMENT" value="false" />
  </codeStyleSettings>
  <codeStyleSettings language="HTML">
    <option name="LINE_COMMENT_AT_FIRST_COLUMN" value="false" />
    <option name="BLOCK_COMMENT_AT_FIRST_COLUMN" value="false" />
  </codeStyleSettings>
  <codeStyleSettings language="JAVA">
    <option name="LINE_COMMENT_AT_FIRST_COLUMN" value="false" />
    <option name="BLOCK_COMMENT_AT_FIRST_COLUMN" value="false" />
    <option name="LINE_COMMENT_ADD_SPACE" value="true" />
    <option name="KEEP_FIRST_COLUMN_COMMENT" value="false" />
  </codeStyleSettings>
  <codeStyleSettings language="JavaScript">
    <option name="KEEP_FIRST_COLUMN_COMMENT" value="false" />
  </codeStyleSettings>
  <codeStyleSettings language="XML">
    <option name="LINE_COMMENT_AT_FIRST_COLUMN" value="false" />
    <option name="BLOCK_COMMENT_AT_FIRST_COLUMN" value="false" />
  </codeStyleSettings>
  <codeStyleSettings language="yaml">
    <indentOptions>
      <option name="KEEP_INDENTS_ON_EMPTY_LINES" value="true" />
    </indentOptions>
  </codeStyleSettings>
</code_scheme>