<application>
  <component name="FindSettings">
    <option name="customScope" value="client" />
    <option name="defaultScopeName" value="client" />
    <option name="showResultsInSeparateView" value="true" />
    <option name="SHOW_RESULTS_IN_SEPARATE_VIEW" value="true" />
    <option name="SEARCH_SCOPE" value="client" />
    <mask>*.css</mask>
    <mask>*.html</mask>
    <mask>*.jsp</mask>
    <mask>*.properties</mask>
    <mask>*.imports</mask>
    <mask>spring-configuration-metadata.json</mask>
    <mask>*pring-configuration-metadata.json</mask>
    <mask>*.vue</mask>
    <mask>*.yml</mask>
    <mask>module-info.java</mask>
    <mask>*.java</mask>
    <mask>*.ftlh</mask>
    <mask>pom.xml</mask>
    <mask>*.xml</mask>
  </component>
</application>